code_muni,state_code,state_abbrev,muni_name,population,lat,lon
1100015,11,RO,Alta Floresta D'Oeste,22853,-11.9283,-61.9953
1100023,11,RO,Ariquemes,108573,-9.90571,-63.0325
1100031,11,RO,Cabixi,5690,-13.4945,-60.552
1100049,11,RO,Cacoal,97637,-11.4343,-61.4562
1100056,11,RO,Cerejeiras,16975,-13.187,-60.8168
1100064,11,RO,Colorado do Oeste,16588,-13.1174,-60.5454
1100072,11,RO,Corumbiara,8001,-12.9551,-60.8947
1100080,11,RO,Costa Marques,13522,-12.4367,-64.228
1100098,11,RO,Espigão D'Oeste,32717,-11.5266,-61.0252
1100106,11,RO,Guajará-Mirim,43553,-10.7889,-65.3296
1100114,11,RO,Jaru,55583,-10.4318,-62.4788
1100122,11,RO,Ji-Paraná,139359,-10.8777,-61.9322
1100130,11,RO,Machadinho D'Oeste,34063,-9.44363,-61.9818
1100148,11,RO,Nova Brasilândia D'Oeste,16504,-11.7247,-62.3127
1100155,11,RO,Ouro Preto do Oeste,38681,-10.7167,-62.2565
1100189,11,RO,Pimenta Bueno,39053,-11.672,-61.198
1100205,11,RO,Porto Velho,514873,-8.76077,-63.8999
1100254,11,RO,Presidente Médici,20518,-11.169,-61.8986
1100262,11,RO,Rio Crespo,3753,-9.69965,-62.9011
1100288,11,RO,Rolim de Moura,62559,-11.7271,-61.7714
1100296,11,RO,Santa Luzia D'Oeste,7877,-11.9074,-61.7777
1100304,11,RO,Vilhena,108528,-12.7502,-60.1488
1100320,11,RO,São Miguel do Guaporé,22267,-11.6953,-62.7192
1100338,11,RO,Nova Mamoré,28496,-10.4077,-65.3346
1100346,11,RO,Alvorada D'Oeste,13837,-11.3463,-62.2847
1100379,11,RO,Alto Alegre dos Parecis,12263,-12.132,-61.835
1100403,11,RO,Alto Paraíso,17463,-9.71429,-63.3188
1100452,11,RO,Buritis,30729,-10.1943,-63.8324
1100502,11,RO,Novo Horizonte do Oeste,8056,-11.6961,-61.9951
1100601,11,RO,Cacaulândia,4345,-10.349,-62.9043
1100700,11,RO,Campo Novo de Rondônia,9225,-10.5712,-63.6266
1100809,11,RO,Candeias do Jamari,24163,-8.7907,-63.7005
1100908,11,RO,Castanheiras,3456,-11.4253,-61.9482
1100924,11,RO,Chupinguaia,10129,-12.5611,-60.8877
1100940,11,RO,Cujubim,15883,-9.36065,-62.5846
1101005,11,RO,Governador Jorge Teixeira,8420,-10.61,-62.7371
1101104,11,RO,Itapuã do Oeste,9209,-9.19687,-63.1809
1101203,11,RO,Ministro Andreazza,6657,-11.196,-61.5174
1101302,11,RO,Mirante da Serra,9740,-11.029,-62.6696
1101401,11,RO,Monte Negro,12241,-10.2458,-63.29
1101435,11,RO,Nova União,6577,-10.9068,-62.5564
1101450,11,RO,Parecis,4390,-12.1754,-61.6032
1101468,11,RO,Pimenteiras do Oeste,2311,-13.4823,-61.0471
1101476,11,RO,Primavera de Rondônia,3279,-11.8295,-61.3153
1101484,11,RO,São Felipe D'Oeste,5605,-11.9023,-61.5026
1101492,11,RO,São Francisco do Guaporé,17511,-12.052,-63.568
1101500,11,RO,Seringueiras,12954,-11.8055,-63.0182
1101559,11,RO,Teixeirópolis,4536,-10.9056,-62.242
1101609,11,RO,Theobroma,8540,-10.2483,-62.3538
1101708,11,RO,Urupá,11377,-11.1261,-62.3639
1101757,11,RO,Vale do Anari,8265,-9.86215,-62.1876
1101807,11,RO,Vale do Paraíso,6843,-10.4465,-62.1352
1200013,12,AC,Acrelândia,14657,-9.82581,-66.8972
1200054,12,AC,Assis Brasil,8573,-10.9298,-69.5738
1200104,12,AC,Brasiléia,27841,-10.995,-68.7497
1200138,12,AC,Bujari,13766,-9.81528,-67.955
1200179,12,AC,Capixaba,10922,-10.566,-67.686
1200203,12,AC,Cruzeiro do Sul,98382,-7.62762,-72.6756
1200252,12,AC,Epitaciolândia,19739,-11.0188,-68.7341
1200302,12,AC,Feijó,37644,-8.17054,-70.351
1200328,12,AC,Jordão,9787,-9.1908,-71.9503
1200336,12,AC,Mâncio Lima,20329,-7.61657,-72.8997
1200344,12,AC,Manoel Urbano,12776,-8.83291,-69.2679
1200351,12,AC,Marechal Thaumaturgo,17951,-8.93898,-72.7997
1200385,12,AC,Plácido de Castro,17127,-10.2806,-67.1371
1200393,12,AC,Porto Walter,11275,-8.26323,-72.7537
1200401,12,AC,Rio Branco,387852,-9.97499,-67.8243
1200427,12,AC,Rodrigues Alves,15537,-7.73864,-72.661
1200435,12,AC,Santa Rosa do Purus,7143,-9.44652,-70.4902
1200450,12,AC,Senador Guiomard,22352,-10.1497,-67.7362
1200500,12,AC,Sena Madureira,43916,-9.06596,-68.6571
1200609,12,AC,Tarauacá,46517,-8.15697,-70.7722
1200708,12,AC,Xapuri,19090,-10.6516,-68.4969
1200807,12,AC,Porto Acre,17455,-9.58138,-67.5478
1300029,13,AM,Alvarães,16670,-3.22727,-64.8007
1300060,13,AM,Amaturá,11411,-3.37455,-68.2005
1300086,13,AM,Anamã,10318,-3.56697,-61.3963
1300102,13,AM,Anori,17932,-3.74603,-61.6575
1300144,13,AM,Apuí,21735,-7.19409,-59.896
1300201,13,AM,Atalaia do Norte,15892,-4.37055,-70.1967
1300300,13,AM,Autazes,45328,-3.58574,-59.1256
1300409,13,AM,Barcelos,18626,-0.983373,-62.9311
1300508,13,AM,Barreirinha,33436,-2.79886,-57.0679
1300607,13,AM,Benjamin Constant,40509,-4.37768,-70.0342
1300631,13,AM,Beruri,22136,-3.89874,-61.3616
1300680,13,AM,Boa Vista do Ramos,25769,-2.97409,-57.5873
1300706,13,AM,Boca do Acre,38246,-8.74232,-67.3919
1300805,13,AM,Borba,34879,-4.39154,-59.5874
1300839,13,AM,Caapiranga,14310,-3.31537,-61.2206
1300904,13,AM,Canutama,17885,-6.52582,-64.3953
1301001,13,AM,Carauari,30892,-4.88161,-66.9086
1301100,13,AM,Careiro,32442,-3.76803,-60.369
1301159,13,AM,Careiro da Várzea,19809,-3.314,-59.5557
1301209,13,AM,Coari,73820,-4.09412,-63.1441
1301308,13,AM,Codajás,24451,-3.83053,-62.0658
1301407,13,AM,Eirunepé,35534,-6.65677,-69.8662
1301506,13,AM,Envira,17920,-7.43789,-70.0281
1301605,13,AM,Fonte Boa,27875,-2.52342,-66.0942
1301654,13,AM,Guajará,14332,-7.53797,-72.5907
1301704,13,AM,Humaitá,62312,-7.51171,-63.0327
1301803,13,AM,Ipixuna,25458,-7.04791,-71.6934
1301852,13,AM,Iranduba,67114,-3.27479,-60.19
1301902,13,AM,Itacoatiara,112520,-3.13861,-58.4449
1301951,13,AM,Itamarati,11730,-6.43852,-68.2437
1302009,13,AM,Itapiranga,10805,-2.74081,-58.0293
1302108,13,AM,Japurá,9397,-1.88237,-66.9291
1302207,13,AM,Juruá,11152,-3.48438,-66.0718
1302306,13,AM,Jutaí,27656,-2.75814,-66.7595
1302405,13,AM,Lábrea,48927,-7.26413,-64.7948
1302504,13,AM,Manacapuru,110691,-3.29066,-60.6216
1302553,13,AM,Manaquiri,17009,-3.44078,-60.4612
1302603,13,AM,Manaus,2279686,-3.11866,-60.0212
1302702,13,AM,Manicoré,57758,-5.80462,-61.2895
1302801,13,AM,Maraã,15843,-1.85313,-65.573
1302900,13,AM,Maués,65714,-3.39289,-57.7067
1303007,13,AM,Nhamundá,21106,-2.20793,-56.7112
1303106,13,AM,Nova Olinda do Norte,28267,-3.90037,-59.094
1303205,13,AM,Novo Airão,16467,-2.63637,-60.9434
1303304,13,AM,Novo Aripuanã,24987,-5.12593,-60.3732
1303403,13,AM,Parintins,101956,-2.63741,-56.729
1303502,13,AM,Pauini,20232,-7.71311,-66.992
1303536,13,AM,Presidente Figueiredo,33004,-2.02981,-60.0234
1303569,13,AM,Rio Preto da Eva,25723,-2.7045,-59.6858
1303601,13,AM,Santa Isabel do Rio Negro,14176,-0.410824,-65.0092
1303700,13,AM,Santo Antônio do Içá,30448,-3.09544,-67.9463
1303809,13,AM,São Gabriel da Cachoeira,56406,-0.11909,-67.084
1303908,13,AM,São Paulo de Olivença,35196,-3.47292,-68.9646
1303957,13,AM,São Sebastião do Uatumã,12247,-2.55915,-57.8731
1304005,13,AM,Silves,12404,-2.81748,-58.248
1304062,13,AM,Tabatinga,72283,-4.2416,-69.9383
1304104,13,AM,Tapauá,20501,-5.62085,-63.1808
1304203,13,AM,Tefé,79278,-3.36822,-64.7193
1304237,13,AM,Tonantins,20224,-2.86582,-67.7919
1304260,13,AM,Uarini,15278,-2.99609,-65.1133
1304302,13,AM,Urucará,19505,-2.52936,-57.7538
1304401,13,AM,Urucurituba,25592,-3.12841,-58.1496
1400027,14,RR,Amajari,15583,3.64571,-61.3692
1400050,14,RR,Alto Alegre,23049,2.98858,-61.3072
1400100,14,RR,Boa Vista,470169,2.82384,-60.6753
1400159,14,RR,Bonfim,15222,3.36161,-59.8333
1400175,14,RR,Cantá,20552,2.60994,-60.6058
1400209,14,RR,Caracaraí,22443,1.82766,-61.1304
1400233,14,RR,Caroebe,11708,0.884203,-59.6959
1400282,14,RR,Iracema,10778,2.18305,-61.0415
1400308,14,RR,Mucajaí,19619,2.43998,-60.9096
1400407,14,RR,Normandia,15744,3.8853,-59.6204
1400456,14,RR,Pacaraima,22104,4.4799,-61.1477
1400472,14,RR,Rorainópolis,36747,0.939956,-60.4389
1400506,14,RR,São João da Baliza,9727,0.951659,-59.9133
1400605,14,RR,São Luiz,7777,1.01019,-60.0419
1400704,14,RR,Uiramutã,15571,4.60314,-60.1815
1500107,15,PA,Abaetetuba,170999,-1.72183,-48.8788
1500131,15,PA,Abel Figueiredo,6302,-4.95333,-48.3933
1500206,15,PA,Acará,62701,-1.95383,-48.1985
1500305,15,PA,Afuá,40246,-0.154874,-50.3861
1500347,15,PA,Água Azul do Norte,17960,-6.79053,-50.4791
1500404,15,PA,Alenquer,74836,-1.94623,-54.7384
1500503,15,PA,Almeirim,36334,-1.52904,-52.5788
1500602,15,PA,Altamira,136982,-3.20407,-52.21
1500701,15,PA,Anajás,30003,-0.996811,-49.9354
1500800,15,PA,Ananindeua,507838,-1.36391,-48.3743
1500859,15,PA,Anapu,34947,-3.46985,-51.2003
1500909,15,PA,Augusto Corrêa,47596,-1.05109,-46.6147
1500958,15,PA,Aurora do Pará,24321,-2.14898,-47.5677
1501006,15,PA,Aveiro,19223,-3.60841,-55.3199
1501105,15,PA,Bagre,34633,-1.90057,-50.1987
1501204,15,PA,Baião,55949,-2.79021,-49.6694
1501253,15,PA,Bannach,4252,-7.34779,-50.3959
1501303,15,PA,Barcarena,137331,-1.51187,-48.6195
1501402,15,PA,Belém,1398531,-1.4554,-48.4898
1501451,15,PA,Belterra,18954,-2.63609,-54.9374
1501501,15,PA,Benevides,68191,-1.36183,-48.2434
1501576,15,PA,Bom Jesus do Tocantins,18958,-5.0424,-48.6047
1501600,15,PA,Bonito,12998,-1.36745,-47.3066
1501709,15,PA,Bragança,131679,-1.06126,-46.7826
1501725,15,PA,Brasil Novo,26606,-3.29792,-52.534
1501758,15,PA,Brejo Grande do Araguaia,6985,-5.69822,-48.4103
1501782,15,PA,Breu Branco,47351,-3.77191,-49.5735
1501808,15,PA,Breves,115051,-1.68036,-50.4791
1501907,15,PA,Bujaru,25112,-1.51762,-48.0381
1501956,15,PA,Cachoeira do Piriá,19578,-1.75974,-46.5459
1502004,15,PA,Cachoeira do Arari,25243,-1.01226,-48.9503
1502103,15,PA,Cametá,143837,-2.24295,-49.4979
1502152,15,PA,Canaã dos Carajás,86629,-6.49659,-49.8776
1502202,15,PA,Capanema,74808,-1.20529,-47.1778
1502301,15,PA,Capitão Poço,59960,-1.74785,-47.0629
1502400,15,PA,Castanhal,207603,-1.29797,-47.9167
1502509,15,PA,Chaves,21487,-0.164154,-49.987
1502608,15,PA,Colares,13526,-0.936423,-48.2803
1502707,15,PA,Conceição do Araguaia,47099,-8.26136,-49.2689
1502756,15,PA,Concórdia do Pará,28287,-1.99238,-47.9422
1502764,15,PA,Cumaru do Norte,14937,-7.81097,-50.7698
1502772,15,PA,Curionópolis,20859,-6.09965,-49.6068
1502806,15,PA,Curralinho,36451,-1.81179,-49.7952
1502855,15,PA,Curuá,14834,-1.88775,-55.1168
1502905,15,PA,Curuçá,44413,-0.733214,-47.8515
1502939,15,PA,Dom Eliseu,62322,-4.19944,-47.8245
1502954,15,PA,Eldorado do Carajás,29425,-6.10389,-49.3553
1503002,15,PA,Faro,9125,-2.16805,-56.7405
1503044,15,PA,Floresta do Araguaia,18565,-7.55335,-49.7125
1503077,15,PA,Garrafão do Norte,25552,-1.92986,-47.0505
1503093,15,PA,Goianésia do Pará,27059,-3.84338,-49.0974
1503101,15,PA,Gurupá,33922,-1.41412,-51.6338
1503200,15,PA,Igarapé-Açu,37855,-1.12539,-47.626
1503309,15,PA,Igarapé-Miri,68955,-1.97533,-48.9575
1503408,15,PA,Inhangapi,10754,-1.4349,-47.9114
1503457,15,PA,Ipixuna do Pará,30158,-2.55992,-47.5059
1503507,15,PA,Irituia,32698,-1.76984,-47.446
1503606,15,PA,Itaituba,133684,-4.2667,-55.9926
1503705,15,PA,Itupiranga,52187,-5.13272,-49.3358
1503754,15,PA,Jacareacanga,26006,-6.21469,-57.7544
1503804,15,PA,Jacundá,38391,-4.44617,-49.1153
1503903,15,PA,Juruti,53952,-2.16347,-56.0889
1504000,15,PA,Limoeiro do Ajuru,31778,-1.8985,-49.3903
1504059,15,PA,Mãe do Rio,37048,-2.05683,-47.5601
1504109,15,PA,Magalhães Barata,8428,-0.803391,-47.6014
1504208,15,PA,Marabá,288513,-5.38075,-49.1327
1504307,15,PA,Maracanã,27207,-0.778899,-47.452
1504406,15,PA,Marapanim,28105,-0.714702,-47.7034
1504422,15,PA,Marituba,118998,-1.36002,-48.3421
1504455,15,PA,Medicilândia,28633,-3.44637,-52.8875
1504505,15,PA,Melgaço,29846,-1.8032,-50.7149
1504604,15,PA,Mocajuba,28821,-2.5831,-49.5042
1504703,15,PA,Moju,90795,-1.88993,-48.7668
1504752,15,PA,Mojuí dos Campos,25312,-2.6822,-54.6425
1504802,15,PA,Monte Alegre,63641,-1.99768,-54.0724
1504901,15,PA,Muaná,48955,-1.53936,-49.2224
1504950,15,PA,Nova Esperança do Piriá,21259,-2.26693,-46.9731
1504976,15,PA,Nova Ipixuna,14417,-4.91622,-49.0822
1505007,15,PA,Nova Timboteua,13204,-1.20874,-47.3921
1505031,15,PA,Novo Progresso,36518,-7.14347,-55.3786
1505064,15,PA,Novo Repartimento,63754,-4.24749,-49.9499
1505106,15,PA,Óbidos,55271,-1.90107,-55.5208
1505205,15,PA,Oeiras do Pará,36377,-2.00358,-49.8628
1505304,15,PA,Oriximiná,72460,-1.75989,-55.8579
1505403,15,PA,Ourém,18675,-1.54168,-47.1126
1505437,15,PA,Ourilândia do Norte,34905,-6.7529,-51.0858
1505486,15,PA,Pacajá,43594,-3.83542,-50.6399
1505494,15,PA,Palestina do Pará,7086,-5.74027,-48.3181
1505502,15,PA,Paragominas,112843,-3.00212,-47.3527
1505536,15,PA,Parauapebas,298854,-6.06781,-49.9037
1505551,15,PA,Pau D'Arco,7296,-1.59772,-46.9268
1505601,15,PA,Peixe-Boi,8651,-1.19382,-47.324
1505635,15,PA,Piçarra,13341,-6.43778,-48.8716
1505650,15,PA,Placas,18772,-3.86813,-54.2124
1505700,15,PA,Ponta de Pedras,25767,-1.39587,-48.8661
1505809,15,PA,Portel,66898,-1.93639,-50.8194
1505908,15,PA,Porto de Moz,43673,-1.74691,-52.2361
1506005,15,PA,Prainha,38318,-1.798,-53.4779
1506104,15,PA,Primavera,11332,-0.945439,-47.1253
1506112,15,PA,Quatipuru,11870,-0.899604,-47.0134
1506138,15,PA,Redenção,91947,-8.02529,-50.0317
1506161,15,PA,Rio Maria,19129,-7.31236,-50.0379
1506187,15,PA,Rondon do Pará,56593,-4.77793,-48.067
1506195,15,PA,Rurópolis,37360,-4.10028,-54.9092
1506203,15,PA,Salinópolis,48168,-0.630815,-47.3465
1506302,15,PA,Salvaterra,25441,-0.758444,-48.5139
1506351,15,PA,Santa Bárbara do Pará,22288,-1.19219,-48.238
1506401,15,PA,Santa Cruz do Arari,7654,-0.661019,-49.1771
1506500,15,PA,Santa Izabel do Pará,78317,-1.29686,-48.1606
1506559,15,PA,Santa Luzia do Pará,21217,-1.52147,-46.9008
1506583,15,PA,Santa Maria das Barreiras,17079,-8.85784,-49.7215
1506609,15,PA,Santa Maria do Pará,25696,-1.35392,-47.5712
1506708,15,PA,Santana do Araguaia,31683,-9.3281,-50.35
1506807,15,PA,Santarém,357311,-2.43849,-54.6996
1506906,15,PA,Santarém Novo,6348,-0.93097,-47.3855
1507003,15,PA,Santo Antônio do Tauá,29134,-1.1522,-48.1314
1507102,15,PA,São Caetano de Odivelas,17248,-0.747293,-48.0246
1507151,15,PA,São Domingos do Araguaia,21638,-5.53732,-48.7366
1507201,15,PA,São Domingos do Capim,32449,-1.68768,-47.7665
1507300,15,PA,São Félix do Xingu,65957,-6.64254,-51.9904
1507409,15,PA,São Francisco do Pará,15418,-1.16963,-47.7917
1507458,15,PA,São Geraldo do Araguaia,24978,-6.39471,-48.5592
1507466,15,PA,São João da Ponta,4509,-0.857885,-47.918
1507474,15,PA,São João de Pirabas,21447,-0.780222,-47.181
1507508,15,PA,São João do Araguaia,14246,-5.36334,-48.7926
1507607,15,PA,São Miguel do Guamá,55798,-1.61307,-47.4784
1507706,15,PA,São Sebastião da Boa Vista,27441,-1.71597,-49.5249
1507755,15,PA,Sapucaia,6160,-6.94018,-49.6834
1507805,15,PA,Senador José Porfírio,24441,-4.31242,-51.5764
1507904,15,PA,Soure,25218,-0.73032,-48.5015
1507953,15,PA,Tailândia,75526,-2.94584,-48.9489
1507961,15,PA,Terra Alta,10815,-1.02963,-47.9004
1507979,15,PA,Terra Santa,19667,-2.10443,-56.4877
1508001,15,PA,Tomé-Açu,72326,-2.41302,-48.1415
1508035,15,PA,Tracuateua,30373,-1.07653,-46.9031
1508050,15,PA,Trairão,15619,-4.57347,-55.9429
1508084,15,PA,Tucumã,42480,-6.74687,-51.1626
1508100,15,PA,Tucuruí,96238,-3.7657,-49.6773
1508126,15,PA,Ulianópolis,39576,-3.75007,-47.4892
1508159,15,PA,Uruará,45939,-3.71519,-53.7396
1508209,15,PA,Vigia,53806,-0.861194,-48.1386
1508308,15,PA,Viseu,61970,-1.19124,-46.1399
1508357,15,PA,Vitória do Xingu,16414,-2.87922,-52.0088
1508407,15,PA,Xinguara,56999,-7.0983,-49.9437
1600055,16,AP,Serra do Navio,4986,0.901357,-52.0036
1600105,16,AP,Amapá,8434,2.05267,-50.7957
1600154,16,AP,Pedra Branca do Amapari,13798,0.777424,-51.9503
1600204,16,AP,Calçoene,11391,2.50475,-50.9512
1600212,16,AP,Cutias,4725,0.970761,-50.8005
1600238,16,AP,Ferreira Gomes,7145,0.857256,-51.1795
1600253,16,AP,Itaubal,6043,0.602185,-50.6996
1600279,16,AP,Laranjal do Jari,37969,-0.804911,-52.453
1600303,16,AP,Macapá,487200,0.034934,-51.0694
1600402,16,AP,Mazagão,23575,-0.11336,-51.2891
1600501,16,AP,Oiapoque,30481,3.84074,-51.8331
1600535,16,AP,Porto Grande,18988,0.71243,-51.4155
1600550,16,AP,Pracuúba,4042,1.74543,-50.7892
1600600,16,AP,Santana,118353,-0.045434,-51.1729
1600709,16,AP,Tartarugalzinho,13785,1.50652,-50.9087
1600808,16,AP,Vitória do Jari,11922,-0.938,-52.424
1700251,17,TO,Abreulândia,2668,-9.62101,-49.1518
1700301,17,TO,Aguiarnópolis,4537,-6.55409,-47.4702
1700350,17,TO,Aliança do Tocantins,5222,-11.3056,-48.9361
1700400,17,TO,Almas,6542,-11.5706,-47.1792
1700707,17,TO,Alvorada,9094,-12.4785,-49.1249
1701002,17,TO,Ananás,10662,-6.36437,-48.0735
1701051,17,TO,Angico,2918,-6.39179,-47.8611
1701101,17,TO,Aparecida do Rio Negro,5067,-9.94139,-47.9638
1701309,17,TO,Aragominas,5360,-7.16005,-48.5291
1701903,17,TO,Araguacema,6039,-8.80755,-49.5569
1702000,17,TO,Araguaçu,8273,-12.9289,-49.8231
1702109,17,TO,Araguaína,181493,-7.19238,-48.2044
1702158,17,TO,Araguanã,4338,-6.58225,-48.6395
1702208,17,TO,Araguatins,33205,-5.64659,-48.1232
1702307,17,TO,Arapoema,5553,-7.65463,-49.0637
1702406,17,TO,Arraias,10522,-12.9287,-46.9359
1702554,17,TO,Augustinópolis,18128,-5.46863,-47.8863
1702703,17,TO,Aurora do Tocantins,3420,-12.7105,-46.4076
1702901,17,TO,Axixá do Tocantins,10663,-5.61275,-47.7701
1703008,17,TO,Babaçulândia,7779,-7.20923,-47.7613
1703057,17,TO,Bandeirantes do Tocantins,3534,-7.75612,-48.5836
1703073,17,TO,Barra do Ouro,4641,-7.69593,-47.6776
1703107,17,TO,Barrolândia,4915,-9.83404,-48.7252
1703206,17,TO,Bernardo Sayão,4316,-7.87481,-48.8893
1703305,17,TO,Bom Jesus do Tocantins,4181,-8.96306,-48.165
1703602,17,TO,Brasilândia do Tocantins,2016,-8.38918,-48.4822
1703701,17,TO,Brejinho de Nazaré,4796,-11.0058,-48.5683
1703800,17,TO,Buriti do Tocantins,10654,-5.31448,-48.2271
1703826,17,TO,Cachoeirinha,1991,-6.1156,-47.9234
1703842,17,TO,Campos Lindos,8951,-7.98956,-46.8645
1703867,17,TO,Cariri do Tocantins,4147,-11.8881,-49.1609
1703883,17,TO,Carmolândia,2246,-7.03262,-48.3978
1703891,17,TO,Carrasco Bonito,3362,-5.31415,-48.0314
1703909,17,TO,Caseara,5009,-9.27612,-49.9521
1704105,17,TO,Centenário,2135,-8.96103,-47.3304
1704600,17,TO,Chapada de Areia,1563,-10.1419,-49.1403
1705102,17,TO,Chapada da Natividade,3182,-11.6175,-47.7486
1705508,17,TO,Colinas do Tocantins,35957,-8.05764,-48.4757
1705557,17,TO,Combinado,4896,-12.7917,-46.5388
1705607,17,TO,Conceição do Tocantins,3956,-12.2209,-47.2951
1706001,17,TO,Couto Magalhães,5515,-8.28411,-49.2473
1706100,17,TO,Cristalândia,6437,-10.5985,-49.1942
1706258,17,TO,Crixás do Tocantins,1499,-11.0994,-48.9152
1706506,17,TO,Darcinópolis,6054,-6.71591,-47.7597
1707009,17,TO,Dianópolis,18031,-11.624,-46.8198
1707108,17,TO,Divinópolis do Tocantins,7297,-9.80018,-49.2169
1707207,17,TO,Dois Irmãos do Tocantins,6395,-9.25534,-49.0638
1707306,17,TO,Dueré,4321,-11.3416,-49.2716
1707405,17,TO,Esperantina,7493,-5.36593,-48.5378
1707553,17,TO,Fátima,3520,-10.7603,-48.9076
1707652,17,TO,Figueirópolis,5336,-12.1312,-49.1748
1707702,17,TO,Filadélfia,7823,-7.33501,-47.4954
1708205,17,TO,Formoso do Araguaia,19428,-11.7976,-49.5316
1708254,17,TO,Tabocão,3676,-9.05611,-48.5206
1708304,17,TO,Goianorte,4840,-8.77413,-48.9313
1709005,17,TO,Goiatins,12816,-7.71478,-47.3252
1709302,17,TO,Guaraí,25681,-8.83543,-48.5114
1709500,17,TO,Gurupi,89574,-11.7279,-49.068
1709807,17,TO,Ipueiras,1627,-11.2329,-48.46
1710508,17,TO,Itacajá,6969,-8.39293,-47.7726
1710706,17,TO,Itaguatins,5206,-5.77267,-47.4864
1710904,17,TO,Itapiratins,3679,-8.37982,-48.1072
1711100,17,TO,Itaporã do Tocantins,2464,-8.57172,-48.6895
1711506,17,TO,Jaú do Tocantins,3403,-12.6509,-48.589
1711803,17,TO,Juarina,2305,-8.11951,-49.0643
1711902,17,TO,Lagoa da Confusão,16312,-10.7906,-49.6199
1711951,17,TO,Lagoa do Tocantins,3610,-10.368,-47.538
1712009,17,TO,Lajeado,3520,-9.74996,-48.3565
1712157,17,TO,Lavandeira,1673,-12.7847,-46.5099
1712405,17,TO,Lizarda,2991,-9.59002,-46.6738
1712454,17,TO,Luzinópolis,2803,-6.17794,-47.8582
1712504,17,TO,Marianópolis do Tocantins,4772,-9.79377,-49.6553
1712702,17,TO,Mateiros,2888,-10.5464,-46.4168
1712801,17,TO,Maurilândia do Tocantins,3171,-5.95169,-47.5125
1713205,17,TO,Miracema do Tocantins,18787,-9.56556,-48.393
1713304,17,TO,Miranorte,13056,-9.52907,-48.5922
1713601,17,TO,Monte do Carmo,5722,-10.7611,-48.1114
1713700,17,TO,Monte Santo do Tocantins,2500,-10.0075,-48.9941
1713809,17,TO,Palmeiras do Tocantins,4897,-6.61658,-47.5464
1713957,17,TO,Muricilândia,3485,-7.14669,-48.6091
1714203,17,TO,Natividade,8961,-11.7034,-47.7223
1714302,17,TO,Nazaré,4660,-6.37496,-47.6643
1714880,17,TO,Nova Olinda,10609,-7.63171,-48.4252
1715002,17,TO,Nova Rosalândia,3403,-10.5651,-48.9125
1715101,17,TO,Novo Acordo,4102,-9.97063,-47.6785
1715150,17,TO,Novo Alegre,1841,-12.9217,-46.5713
1715259,17,TO,Novo Jardim,2263,-11.826,-46.6325
1715507,17,TO,Oliveira de Fátima,1211,-10.707,-48.9086
1715705,17,TO,Palmeirante,4909,-7.84786,-47.9242
1715754,17,TO,Palmeirópolis,7119,-13.0447,-48.4026
1716109,17,TO,Paraíso do Tocantins,55164,-10.175,-48.8823
1716208,17,TO,Paranã,10854,-12.6167,-47.8734
1716307,17,TO,Pau D'Arco,4085,-7.53919,-49.367
1716505,17,TO,Pedro Afonso,14731,-8.97034,-48.1729
1716604,17,TO,Peixe,9438,-12.0254,-48.5395
1716653,17,TO,Pequizeiro,5038,-8.5932,-48.9327
1716703,17,TO,Colméia,9158,-8.72463,-48.7638
1717008,17,TO,Pindorama do Tocantins,4596,-11.1311,-47.5726
1717206,17,TO,Piraquê,2265,-6.77302,-48.2958
1717503,17,TO,Pium,7375,-10.442,-49.1876
1717800,17,TO,Ponte Alta do Bom Jesus,4295,-12.0853,-46.4825
1717909,17,TO,Ponte Alta do Tocantins,7842,-10.7481,-47.5276
1718006,17,TO,Porto Alegre do Tocantins,2953,-11.618,-47.0621
1718204,17,TO,Porto Nacional,68555,-10.7027,-48.408
1718303,17,TO,Praia Norte,9460,-5.39281,-47.8111
1718402,17,TO,Presidente Kennedy,3051,-8.5406,-48.5062
1718451,17,TO,Pugmil,2231,-10.424,-48.8957
1718501,17,TO,Recursolândia,3471,-8.7227,-47.2421
1718550,17,TO,Riachinho,4039,-6.44005,-48.1371
1718659,17,TO,Rio da Conceição,1822,-11.3949,-46.8847
1718709,17,TO,Rio dos Bois,2833,-9.34425,-48.5245
1718758,17,TO,Rio Sono,4798,-9.35002,-47.888
1718808,17,TO,Sampaio,4372,-5.35423,-47.8782
1718840,17,TO,Sandolândia,3873,-12.538,-49.9242
1718865,17,TO,Santa Fé do Araguaia,7489,-7.15803,-48.7165
1718881,17,TO,Santa Maria do Tocantins,2726,-8.8046,-47.7887
1718899,17,TO,Santa Rita do Tocantins,2291,-10.8617,-48.9161
1718907,17,TO,Santa Rosa do Tocantins,4789,-11.4474,-48.1216
1719004,17,TO,Santa Tereza do Tocantins,2889,-10.2746,-47.8033
1720002,17,TO,Santa Terezinha do Tocantins,2463,-6.44438,-47.6684
1720101,17,TO,São Bento do Tocantins,5936,-6.0258,-47.9012
1720150,17,TO,São Félix do Tocantins,1875,-10.1615,-46.6618
1720200,17,TO,São Miguel do Tocantins,13939,-5.56305,-47.5743
1720259,17,TO,São Salvador do Tocantins,2385,-12.7458,-48.2352
1720309,17,TO,São Sebastião do Tocantins,4189,-5.26131,-48.2021
1720499,17,TO,São Valério,4547,-11.9743,-48.2353
1720655,17,TO,Silvanópolis,5252,-11.1471,-48.1694
1720804,17,TO,Sítio Novo do Tocantins,11334,-5.6012,-47.6381
1720853,17,TO,Sucupira,1599,-11.993,-48.9685
1720903,17,TO,Taguatinga,14247,-12.4026,-46.437
1720937,17,TO,Taipas do Tocantins,2086,-12.1873,-46.9797
1720978,17,TO,Talismã,2509,-12.7949,-49.0896
1721000,17,TO,Palmas,323625,-10.24,-48.3558
1721109,17,TO,Tocantínia,7751,-9.5632,-48.3741
1721208,17,TO,Tocantinópolis,23203,-6.32447,-47.4224
1721257,17,TO,Tupirama,2003,-8.97168,-48.1883
1721307,17,TO,Tupiratins,1897,-8.39388,-48.1277
1722081,17,TO,Wanderlândia,10751,-6.85274,-47.9601
1722107,17,TO,Xambioá,10683,-6.4141,-48.532
2100055,21,MA,Açailândia,110506,-4.94714,-47.5004
2100105,21,MA,Afonso Cunha,6296,-4.13631,-43.3275
2100154,21,MA,Água Doce do Maranhão,12446,-2.84048,-42.1189
2100204,21,MA,Alcântara,18774,-2.39574,-44.4062
2100303,21,MA,Aldeias Altas,23782,-4.62621,-43.4689
2100402,21,MA,Altamira do Maranhão,6565,-4.16598,-45.4706
2100436,21,MA,Alto Alegre do Maranhão,24543,-4.213,-44.446
2100477,21,MA,Alto Alegre do Pindaré,26411,-3.66689,-45.8421
2100501,21,MA,Alto Parnaíba,11382,-9.10273,-45.9303
2100550,21,MA,Amapá do Maranhão,7364,-1.67524,-46.0024
2100600,21,MA,Amarante do Maranhão,38333,-5.56913,-46.7473
2100709,21,MA,Anajatuba,26221,-3.26269,-44.6126
2100808,21,MA,Anapurus,14111,-3.67577,-43.1014
2100832,21,MA,Apicum-Açu,17984,-1.45862,-45.0864
2100873,21,MA,Araguanã,11347,-2.94644,-45.6589
2100907,21,MA,Araioses,40278,-2.89091,-41.905
2100956,21,MA,Arame,26191,-4.88347,-46.0032
2101004,21,MA,Arari,30521,-3.45214,-44.7665
2101103,21,MA,Axixá,12079,-2.83939,-44.062
2101202,21,MA,Bacabal,107620,-4.22447,-44.7832
2101251,21,MA,Bacabeira,17414,-2.96452,-44.3164
2101301,21,MA,Bacuri,16610,-1.6965,-45.1328
2101350,21,MA,Bacurituba,5374,-2.71,-44.7329
2101400,21,MA,Balsas,106094,-7.53214,-46.0372
2101509,21,MA,Barão de Grajaú,19458,-6.74463,-43.0261
2101608,21,MA,Barra do Corda,87672,-5.49682,-45.2485
2101707,21,MA,Barreirinhas,67999,-2.75863,-42.8232
2101731,21,MA,Belágua,8716,-3.15485,-43.5122
2101772,21,MA,Bela Vista do Maranhão,12073,-3.72618,-45.3075
2101806,21,MA,Benedito Leite,5597,-7.21037,-44.5577
2101905,21,MA,Bequimão,19983,-2.44162,-44.7842
2101939,21,MA,Bernardo do Mearim,5983,-4.62666,-44.7608
2101970,21,MA,Boa Vista do Gurupi,7769,-1.77614,-46.3002
2102002,21,MA,Bom Jardim,34035,-3.54129,-45.606
2102036,21,MA,Bom Jesus das Selvas,29588,-4.47638,-46.8641
2102077,21,MA,Bom Lugar,12414,-4.37311,-45.0326
2102101,21,MA,Brejo,35322,-3.67796,-42.7527
2102150,21,MA,Brejo de Areia,9387,-4.334,-45.581
2102200,21,MA,Buriti,30799,-3.94169,-42.9179
2102309,21,MA,Buriti Bravo,22940,-5.83239,-43.8353
2102325,21,MA,Buriticupu,56896,-4.32375,-46.4409
2102358,21,MA,Buritirana,13157,-5.59823,-47.0131
2102374,21,MA,Cachoeira Grande,10004,-2.93074,-44.0528
2102408,21,MA,Cajapió,10342,-2.87326,-44.6741
2102507,21,MA,Cajari,16711,-3.32742,-45.0145
2102556,21,MA,Campestre do Maranhão,12553,-6.17075,-47.3625
2102606,21,MA,Cândido Mendes,20413,-1.43265,-45.7161
2102705,21,MA,Cantanhede,24976,-3.63757,-44.383
2102754,21,MA,Capinzal do Norte,11664,-4.7236,-44.328
2102804,21,MA,Carolina,24606,-7.33584,-47.4634
2102903,21,MA,Carutapera,24855,-1.19696,-46.0085
2103000,21,MA,Caxias,163428,-4.86505,-43.3617
2103109,21,MA,Cedral,10444,-2.00027,-44.5281
2103125,21,MA,Central do Maranhão,7233,-2.19831,-44.8254
2103158,21,MA,Centro do Guilherme,12668,-2.44891,-46.0345
2103174,21,MA,Centro Novo do Maranhão,16529,-2.12696,-46.1228
2103208,21,MA,Chapadinha,84202,-3.73875,-43.3538
2103257,21,MA,Cidelândia,13152,-5.17465,-47.7781
2103307,21,MA,Codó,118295,-4.45562,-43.8924
2103406,21,MA,Coelho Neto,42918,-4.25245,-43.0108
2103505,21,MA,Colinas,41745,-6.03199,-44.2543
2103554,21,MA,Conceição do Lago-Açu,15264,-3.85142,-44.8895
2103604,21,MA,Coroatá,61351,-4.13442,-44.1244
2103703,21,MA,Cururupu,32608,-1.81475,-44.8644
2103752,21,MA,Davinópolis,14788,-5.54637,-47.4217
2103802,21,MA,Dom Pedro,23579,-5.03518,-44.4409
2103901,21,MA,Duque Bacelar,10448,-4.15002,-42.9477
2104008,21,MA,Esperantinópolis,18725,-4.87938,-44.6926
2104057,21,MA,Estreito,34353,-6.56077,-47.4431
2104073,21,MA,Feira Nova do Maranhão,8236,-6.96508,-46.6786
2104081,21,MA,Fernando Falcão,11184,-6.16207,-44.8979
2104099,21,MA,Formosa da Serra Negra,18133,-6.44017,-46.1916
2104107,21,MA,Fortaleza dos Nogueiras,12951,-6.95983,-46.1749
2104206,21,MA,Fortuna,17346,-5.72792,-44.1565
2104305,21,MA,Godofredo Viana,10422,-1.40259,-45.7795
2104404,21,MA,Gonçalves Dias,17579,-5.1475,-44.3013
2104503,21,MA,Governador Archer,10472,-5.02078,-44.2754
2104552,21,MA,Governador Edison Lobão,18908,-5.74973,-47.3646
2104602,21,MA,Governador Eugênio Barros,14258,-5.31897,-44.2469
2104628,21,MA,Governador Luiz Rocha,7219,-5.47835,-44.0774
2104651,21,MA,Governador Newton Bello,10981,-3.43245,-45.6619
2104677,21,MA,Governador Nunes Freire,23563,-2.12899,-45.8777
2104701,21,MA,Graça Aranha,6161,-5.40547,-44.3358
2104800,21,MA,Grajaú,76578,-5.81367,-46.1462
2104909,21,MA,Guimarães,10470,-2.12755,-44.602
2105005,21,MA,Humberto de Campos,26546,-2.59828,-43.4649
2105104,21,MA,Icatu,25332,-2.77206,-44.0501
2105153,21,MA,Igarapé do Meio,14350,-3.65771,-45.2114
2105203,21,MA,Igarapé Grande,10463,-4.6625,-44.8558
2105302,21,MA,Imperatriz,285146,-5.51847,-47.4777
2105351,21,MA,Itaipava do Grajaú,14143,-5.14252,-45.7877
2105401,21,MA,Itapecuru Mirim,62269,-3.40202,-44.3508
2105427,21,MA,Itinga do Maranhão,22934,-4.45293,-47.5235
2105450,21,MA,Jatobá,7610,-5.82282,-44.2153
2105476,21,MA,Jenipapo dos Vieiras,17499,-5.36237,-45.6356
2105500,21,MA,João Lisboa,25287,-5.44363,-47.4064
2105609,21,MA,Joselândia,15235,-4.98611,-44.6958
2105658,21,MA,Junco do Maranhão,5275,-1.83888,-46.09
2105708,21,MA,Lago da Pedra,45875,-4.56974,-45.1319
2105807,21,MA,Lago do Junco,9700,-4.609,-45.049
2105906,21,MA,Lago Verde,15077,-3.94661,-44.826
2105922,21,MA,Lagoa do Mato,10809,-6.05023,-43.5333
2105948,21,MA,Lago dos Rodrigues,8961,-4.61173,-44.9798
2105963,21,MA,Lagoa Grande do Maranhão,11710,-4.98893,-45.3816
2105989,21,MA,Lajeado Novo,7227,-6.18539,-47.0293
2106003,21,MA,Lima Campos,11558,-4.51837,-44.4646
2106102,21,MA,Loreto,11876,-7.08111,-45.1451
2106201,21,MA,Luís Domingues,7351,-1.27492,-45.867
2106300,21,MA,Magalhães de Almeida,14001,-3.39232,-42.2117
2106326,21,MA,Maracaçumé,21686,-2.04918,-45.9587
2106359,21,MA,Marajá do Sena,7165,-4.62806,-45.4531
2106375,21,MA,Maranhãozinho,14086,-2.24078,-45.8507
2106409,21,MA,Mata Roma,17537,-3.62035,-43.1112
2106508,21,MA,Matinha,22530,-3.09849,-45.035
2106607,21,MA,Matões,33300,-5.51359,-43.2018
2106631,21,MA,Matões do Norte,17945,-3.6244,-44.5468
2106672,21,MA,Milagres do Maranhão,9048,-3.57443,-42.6131
2106706,21,MA,Mirador,21518,-6.37454,-44.3683
2106755,21,MA,Miranda do Norte,24377,-3.56313,-44.5814
2106805,21,MA,Mirinzal,14297,-2.07094,-44.7787
2106904,21,MA,Monção,28606,-3.48125,-45.2496
2107001,21,MA,Montes Altos,9309,-5.83067,-47.0673
2107100,21,MA,Morros,18994,-2.85379,-44.0357
2107209,21,MA,Nina Rodrigues,14551,-3.46788,-43.9134
2107258,21,MA,Nova Colinas,5144,-7.12263,-46.2607
2107308,21,MA,Nova Iorque,4412,-6.73047,-44.0471
2107357,21,MA,Nova Olinda do Maranhão,14468,-2.84227,-45.6953
2107407,21,MA,Olho d'Água das Cunhãs,18295,-4.13417,-45.1163
2107456,21,MA,Olinda Nova do Maranhão,13909,-2.99295,-44.9897
2107506,21,MA,Paço do Lumiar,152306,-2.51657,-44.1019
2107605,21,MA,Palmeirândia,21606,-2.64433,-44.8933
2107704,21,MA,Paraibano,18619,-6.4264,-43.9792
2107803,21,MA,Parnarama,32256,-5.67365,-43.1011
2107902,21,MA,Passagem Franca,17592,-6.17745,-43.7755
2108009,21,MA,Pastos Bons,19246,-6.60296,-44.0745
2108058,21,MA,Paulino Neves,17523,-2.72094,-42.5258
2108108,21,MA,Paulo Ramos,20792,-4.44485,-45.2398
2108207,21,MA,Pedreiras,38267,-4.56482,-44.6006
2108256,21,MA,Pedro do Rosário,24917,-2.97272,-45.3493
2108306,21,MA,Penalva,33534,-3.27674,-45.1768
2108405,21,MA,Peri Mirim,11277,-2.57676,-44.8504
2108454,21,MA,Peritoró,20910,-4.37459,-44.3369
2108504,21,MA,Pindaré-Mirim,32521,-3.60985,-45.342
2108603,21,MA,Pinheiro,87919,-2.52224,-45.0788
2108702,21,MA,Pio XII,22369,-3.89315,-45.1759
2108801,21,MA,Pirapemas,18120,-3.72041,-44.2216
2108900,21,MA,Poção de Pedras,17444,-4.74626,-44.9432
2109007,21,MA,Porto Franco,24517,-6.34149,-47.3962
2109056,21,MA,Porto Rico do Maranhão,6091,-1.85925,-44.5842
2109106,21,MA,Presidente Dutra,46578,-5.2898,-44.495
2109205,21,MA,Presidente Juscelino,11616,-2.91872,-44.0715
2109239,21,MA,Presidente Médici,4748,-2.38991,-45.82
2109270,21,MA,Presidente Sarney,17913,-2.58799,-45.3595
2109304,21,MA,Presidente Vargas,10791,-3.40787,-44.0234
2109403,21,MA,Primeira Cruz,13922,-2.50568,-43.4232
2109452,21,MA,Raposa,32054,-2.4254,-44.0973
2109502,21,MA,Riachão,22699,-7.35819,-46.6225
2109551,21,MA,Ribamar Fiquene,7597,-5.93067,-47.3888
2109601,21,MA,Rosário,39763,-2.93444,-44.2531
2109700,21,MA,Sambaíba,5701,-7.13447,-45.3515
2109759,21,MA,Santa Filomena do Maranhão,6839,-5.49671,-44.5638
2109809,21,MA,Santa Helena,43112,-2.24426,-45.29
2109908,21,MA,Santa Inês,88167,-3.65112,-45.3774
2110005,21,MA,Santa Luzia,59037,-4.06873,-45.69
2110039,21,MA,Santa Luzia do Paruá,24870,-2.51123,-45.7801
2110104,21,MA,Santa Quitéria do Maranhão,24489,-3.49308,-42.5688
2110203,21,MA,Santa Rita,38446,-3.14241,-44.3211
2110237,21,MA,Santana do Maranhão,10777,-3.109,-42.4064
2110278,21,MA,Santo Amaro do Maranhão,14280,-2.50068,-43.238
2110302,21,MA,Santo Antônio dos Lopes,14623,-4.86613,-44.3653
2110401,21,MA,São Benedito do Rio Preto,18793,-3.33515,-43.5287
2110500,21,MA,São Bento,48036,-2.69781,-44.8289
2110609,21,MA,São Bernardo,27887,-3.37223,-42.4191
2110658,21,MA,São Domingos do Azeitão,8213,-6.81471,-44.6509
2110708,21,MA,São Domingos do Maranhão,35221,-5.58095,-44.3822
2110807,21,MA,São Félix de Balsas,4495,-7.07535,-44.8092
2110856,21,MA,São Francisco do Brejão,9222,-5.12584,-47.389
2110906,21,MA,São Francisco do Maranhão,12353,-6.25159,-42.8668
2111003,21,MA,São João Batista,18909,-2.95398,-44.7953
2111029,21,MA,São João do Carú,12421,-3.5503,-46.2507
2111052,21,MA,São João do Paraíso,10105,-6.45634,-47.0594
2111078,21,MA,São João do Soter,17254,-5.10821,-43.8163
2111102,21,MA,São João dos Patos,25891,-6.4934,-43.7036
2111201,21,MA,São José de Ribamar,257414,-2.54704,-44.0597
2111250,21,MA,São José dos Basílios,7102,-5.05493,-44.5809
2111300,21,MA,São Luís,1088057,-2.53874,-44.2825
2111409,21,MA,São Luís Gonzaga do Maranhão,18153,-4.38541,-44.6654
2111508,21,MA,São Mateus do Maranhão,40160,-4.03736,-44.4707
2111532,21,MA,São Pedro da Água Branca,14736,-5.08472,-48.4291
2111573,21,MA,São Pedro dos Crentes,5965,-6.82389,-46.5319
2111607,21,MA,São Raimundo das Mangabeiras,19129,-7.02183,-45.4809
2111631,21,MA,São Raimundo do Doca Bezerra,5767,-5.11053,-45.0696
2111672,21,MA,São Roberto,4602,-5.0231,-45.001
2111706,21,MA,São Vicente Ferrer,19885,-2.89487,-44.8681
2111722,21,MA,Satubinha,8880,-4.04913,-45.2457
2111748,21,MA,Senador Alexandre Costa,10445,-5.25096,-44.0533
2111763,21,MA,Senador La Rocque,15035,-5.4461,-47.2959
2111789,21,MA,Serrano do Maranhão,10461,-1.85229,-45.1207
2111805,21,MA,Sítio Novo,17457,-5.87601,-46.7033
2111904,21,MA,Sucupira do Norte,10471,-6.47839,-44.1919
2111953,21,MA,Sucupira do Riachão,5088,-6.40858,-43.5455
2112001,21,MA,Tasso Fragoso,9106,-8.4662,-45.7536
2112100,21,MA,Timbiras,27344,-4.25597,-43.932
2112209,21,MA,Timon,182241,-5.09769,-42.8329
2112233,21,MA,Trizidela do Vale,23052,-4.538,-44.628
2112274,21,MA,Tufilândia,5633,-3.67355,-45.6238
2112308,21,MA,Tuntum,37401,-5.25476,-44.6444
2112407,21,MA,Turiaçu,38905,-1.65893,-45.3798
2112456,21,MA,Turilândia,33032,-2.21638,-45.3044
2112506,21,MA,Tutóia,55041,-2.76141,-42.2755
2112605,21,MA,Urbano Santos,34060,-3.20642,-43.3878
2112704,21,MA,Vargem Grande,44540,-3.53639,-43.917
2112803,21,MA,Viana,53115,-3.20451,-44.9912
2112852,21,MA,Vila Nova dos Martírios,10575,-5.18889,-48.1336
2112902,21,MA,Vitória do Mearim,31851,-3.45125,-44.8643
2113009,21,MA,Vitorino Freire,31906,-4.28184,-45.2505
2114007,21,MA,Zé Doca,41943,-3.27014,-45.6553
2200053,22,PI,Acauã,6515,-8.21954,-41.0831
2200103,22,PI,Agricolândia,5023,-5.79676,-42.6664
2200202,22,PI,Água Branca,18033,-5.88856,-42.637
2200251,22,PI,Alagoinha do Piauí,6901,-7.00039,-40.9282
2200277,22,PI,Alegrete do Piauí,4713,-7.24196,-40.8566
2200301,22,PI,Alto Longá,13734,-5.25634,-42.2096
2200400,22,PI,Altos,49637,-5.03888,-42.4612
2200459,22,PI,Alvorada do Gurguéia,5459,-8.42418,-43.777
2200509,22,PI,Amarante,17577,-6.24304,-42.8433
2200608,22,PI,Angical do Piauí,6982,-6.08786,-42.74
2200707,22,PI,Anísio de Abreu,9631,-9.18564,-43.0494
2200806,22,PI,Antônio Almeida,3228,-7.21276,-44.1889
2200905,22,PI,Aroazes,5433,-6.11022,-41.7822
2200954,22,PI,Aroeiras do Itaim,2766,-7.24502,-41.5325
2201002,22,PI,Arraial,4593,-6.65075,-42.5418
2201051,22,PI,Assunção do Piauí,7597,-5.865,-41.0389
2201101,22,PI,Avelino Lopes,11106,-10.1345,-43.9563
2201150,22,PI,Baixa Grande do Ribeiro,13838,-7.84903,-45.219
2201176,22,PI,Barra D'Alcântara,4091,-6.51645,-42.1146
2201200,22,PI,Barras,49533,-4.24468,-42.2922
2201309,22,PI,Barreiras do Piauí,3334,-9.9296,-45.4702
2201408,22,PI,Barro Duro,6744,-5.81673,-42.5147
2201507,22,PI,Batalha,27123,-4.0223,-42.0787
2201556,22,PI,Bela Vista do Piauí,4208,-7.98809,-41.8675
2201572,22,PI,Belém do Piauí,3508,-7.36652,-40.9688
2201606,22,PI,Beneditinos,10104,-5.45676,-42.3638
2201705,22,PI,Bertolínia,5701,-7.63338,-43.9498
2201739,22,PI,Betânia do Piauí,6368,-8.14376,-40.7989
2201770,22,PI,Boa Hora,7108,-4.41404,-42.1357
2201804,22,PI,Bocaina,4131,-6.94124,-41.3168
2201903,22,PI,Bom Jesus,30321,-9.07124,-44.359
2201919,22,PI,Bom Princípio do Piauí,5786,-3.19631,-41.6403
2201929,22,PI,Bonfim do Piauí,6089,-9.1605,-42.8865
2201945,22,PI,Boqueirão do Piauí,6728,-4.48181,-42.1212
2201960,22,PI,Brasileira,8658,-4.1337,-41.7859
2201988,22,PI,Brejo do Piauí,3969,-8.20314,-42.8229
2202000,22,PI,Buriti dos Lopes,20096,-3.18259,-41.8695
2202026,22,PI,Buriti dos Montes,7538,-5.30584,-41.0933
2202059,22,PI,Cabeceiras do Piauí,10449,-4.4773,-42.3069
2202075,22,PI,Cajazeiras do Piauí,3146,-6.79667,-42.3903
2202083,22,PI,Cajueiro da Praia,8203,-2.93111,-41.3408
2202091,22,PI,Caldeirão Grande do Piauí,5605,-7.3314,-40.6366
2202109,22,PI,Campinas do Piauí,4988,-7.6593,-41.8775
2202117,22,PI,Campo Alegre do Fidalgo,4701,-8.38236,-41.8344
2202133,22,PI,Campo Grande do Piauí,6188,-7.12827,-41.0315
2202174,22,PI,Campo Largo do Piauí,7636,-3.80441,-42.64
2202208,22,PI,Campo Maior,47074,-4.8217,-42.1641
2202251,22,PI,Canavieira,3429,-7.68821,-43.7233
2202307,22,PI,Canto do Buriti,19669,-8.1111,-42.9517
2202406,22,PI,Capitão de Campos,11347,-4.457,-41.944
2202455,22,PI,Capitão Gervásio Oliveira,4065,-8.49655,-41.814
2202505,22,PI,Caracol,10538,-9.27933,-43.329
2202539,22,PI,Caraúbas do Piauí,5755,-3.47525,-41.8425
2202554,22,PI,Caridade do Piauí,5162,-7.73435,-40.9848
2202604,22,PI,Castelo do Piauí,19663,-5.31869,-41.5499
2202653,22,PI,Caxingó,5657,-3.41904,-41.8955
2202703,22,PI,Cocal,29209,-3.47279,-41.5546
2202711,22,PI,Cocal de Telha,5034,-4.5571,-41.9587
2202729,22,PI,Cocal dos Alves,6569,-3.62047,-41.4402
2202737,22,PI,Coivaras,4233,-5.09224,-42.208
2202752,22,PI,Colônia do Gurguéia,6287,-8.1837,-43.794
2202778,22,PI,Colônia do Piauí,7088,-7.22651,-42.1756
2202802,22,PI,Conceição do Canindé,5063,-7.87638,-41.5942
2202851,22,PI,Coronel José Dias,4305,-8.81397,-42.5232
2202901,22,PI,Corrente,28275,-10.4333,-45.1633
2203008,22,PI,Cristalândia do Piauí,7454,-10.6443,-45.1893
2203107,22,PI,Cristino Castro,10772,-8.82273,-44.223
2203206,22,PI,Curimatá,11552,-10.0326,-44.3002
2203230,22,PI,Currais,4968,-9.01175,-44.4062
2203255,22,PI,Curralinhos,4527,-5.60825,-42.8376
2203271,22,PI,Curral Novo do Piauí,5185,-7.8313,-40.8957
2203305,22,PI,Demerval Lobão,16998,-5.35875,-42.6776
2203354,22,PI,Dirceu Arcoverde,7238,-9.33939,-42.4348
2203404,22,PI,Dom Expedito Lopes,6421,-6.95332,-41.6396
2203420,22,PI,Domingos Mourão,4138,-4.2495,-41.2683
2203453,22,PI,Dom Inocêncio,9335,-9.00516,-41.9697
2203503,22,PI,Elesbão Veloso,13786,-6.19947,-42.1355
2203602,22,PI,Eliseu Martins,4435,-8.09629,-43.6705
2203701,22,PI,Esperantina,42510,-3.88863,-42.2324
2203750,22,PI,Fartura do Piauí,5414,-9.48342,-42.7912
2203800,22,PI,Flores do Piauí,4508,-7.78793,-42.918
2203859,22,PI,Floresta do Piauí,2364,-7.46682,-41.7883
2203909,22,PI,Floriano,64150,-6.77182,-43.0241
2204006,22,PI,Francinópolis,4517,-6.39334,-42.2591
2204105,22,PI,Francisco Ayres,4494,-6.62606,-42.6881
2204154,22,PI,Francisco Macedo,2986,-7.331,-40.788
2204204,22,PI,Francisco Santos,8366,-6.99491,-41.1288
2204303,22,PI,Fronteiras,10382,-7.08173,-40.6146
2204352,22,PI,Geminiano,5587,-7.15476,-41.3409
2204402,22,PI,Gilbués,11166,-9.83001,-45.3423
2204501,22,PI,Guadalupe,10478,-6.78285,-43.5594
2204550,22,PI,Guaribas,4350,-9.38647,-43.6943
2204600,22,PI,Hugo Napoleão,3562,-5.9886,-42.5598
2204659,22,PI,Ilha Grande,9501,-2.85774,-41.8186
2204709,22,PI,Inhuma,15259,-6.665,-41.7041
2204808,22,PI,Ipiranga do Piauí,9620,-6.82421,-41.7381
2204907,22,PI,Isaías Coelho,7886,-7.73597,-41.6735
2205003,22,PI,Itainópolis,10980,-7.44336,-41.4687
2205102,22,PI,Itaueira,10493,-7.59989,-43.0249
2205151,22,PI,Jacobina do Piauí,5715,-7.93063,-41.2075
2205201,22,PI,Jaicós,17811,-7.36229,-41.1371
2205250,22,PI,Jardim do Mulato,4251,-6.099,-42.63
2205276,22,PI,Jatobá do Piauí,4568,-4.77025,-41.817
2205300,22,PI,Jerumenha,4600,-7.09128,-43.5033
2205359,22,PI,João Costa,3031,-8.50736,-42.4264
2205409,22,PI,Joaquim Pires,14175,-3.50164,-42.1865
2205458,22,PI,Joca Marques,5535,-3.4804,-42.4255
2205508,22,PI,José de Freitas,44391,-4.75146,-42.5746
2205516,22,PI,Juazeiro do Piauí,5311,-5.17459,-41.6976
2205524,22,PI,Júlio Borges,5499,-10.3225,-44.2381
2205532,22,PI,Jurema,4505,-9.21992,-43.1337
2205540,22,PI,Lagoinha do Piauí,3029,-5.83074,-42.6223
2205557,22,PI,Lagoa Alegre,8449,-4.51539,-42.6309
2205565,22,PI,Lagoa do Barro do Piauí,5146,-8.47673,-41.5342
2205573,22,PI,Lagoa de São Francisco,6449,-4.38505,-41.5969
2205581,22,PI,Lagoa do Piauí,5009,-5.41864,-42.6437
2205599,22,PI,Lagoa do Sítio,4575,-6.50766,-41.5653
2205607,22,PI,Landri Sales,5311,-7.25922,-43.9364
2205706,22,PI,Luís Correia,31775,-2.88438,-41.6641
2205805,22,PI,Luzilândia,26204,-3.4683,-42.3718
2205854,22,PI,Madeiro,8218,-3.48624,-42.4981
2205904,22,PI,Manoel Emídio,5314,-8.01234,-43.8755
2205953,22,PI,Marcolândia,8783,-7.44169,-40.6602
2206001,22,PI,Marcos Parente,4848,-7.11565,-43.8926
2206050,22,PI,Massapê do Piauí,5215,-7.47469,-41.1103
2206100,22,PI,Matias Olímpio,10875,-3.71492,-42.5507
2206209,22,PI,Miguel Alves,33071,-4.16857,-42.8963
2206308,22,PI,Miguel Leão,1352,-5.68077,-42.7436
2206357,22,PI,Milton Brandão,6678,-4.68295,-41.4173
2206407,22,PI,Monsenhor Gil,10455,-5.562,-42.6075
2206506,22,PI,Monsenhor Hipólito,7751,-6.99275,-41.026
2206605,22,PI,Monte Alegre do Piauí,10910,-9.75364,-45.3037
2206654,22,PI,Morro Cabeça no Tempo,4458,-9.71891,-43.9072
2206670,22,PI,Morro do Chapéu do Piauí,6547,-3.73337,-42.3024
2206696,22,PI,Murici dos Portelas,10139,-3.319,-42.094
2206704,22,PI,Nazaré do Piauí,6729,-6.97023,-42.6773
2206720,22,PI,Nazária,10706,-5.35128,-42.8153
2206753,22,PI,Nossa Senhora de Nazaré,5406,-4.63019,-42.173
2206803,22,PI,Nossa Senhora dos Remédios,8732,-3.97574,-42.6184
2206902,22,PI,Novo Oriente do Piauí,6178,-6.44901,-41.9261
2206951,22,PI,Novo Santo Antônio,2886,-5.28749,-41.9325
2207009,22,PI,Oeiras,39545,-7.01915,-42.1283
2207108,22,PI,Olho D'Água do Piauí,2725,-5.84125,-42.5594
2207207,22,PI,Padre Marcos,6481,-7.35101,-40.8997
2207306,22,PI,Paes Landim,4174,-7.77375,-42.2474
2207355,22,PI,Pajeú do Piauí,3041,-7.85508,-42.8248
2207405,22,PI,Palmeira do Piauí,5048,-8.73076,-44.2466
2207504,22,PI,Palmeirais,13480,-5.97086,-43.056
2207553,22,PI,Paquetá,3878,-7.10303,-41.7
2207603,22,PI,Parnaguá,10289,-10.2166,-44.63
2207702,22,PI,Parnaíba,169552,-2.90585,-41.7754
2207751,22,PI,Passagem Franca do Piauí,4220,-5.86036,-42.4436
2207777,22,PI,Patos do Piauí,5461,-7.67231,-41.2408
2207793,22,PI,Pau D'Arco do Piauí,3972,-5.26072,-42.3908
2207801,22,PI,Paulistana,21601,-8.13436,-41.1431
2207850,22,PI,Pavussu,3698,-7.96059,-43.2284
2207900,22,PI,Pedro II,39039,-4.42585,-41.4482
2207934,22,PI,Pedro Laurentino,2514,-8.06807,-42.2847
2207959,22,PI,Nova Santa Rita,4147,-8.09707,-42.0471
2208007,22,PI,Picos,86228,-7.07721,-41.467
2208106,22,PI,Pimenteiras,11528,-6.23839,-41.4113
2208205,22,PI,Pio IX,17947,-6.83002,-40.6083
2208304,22,PI,Piracuruca,29849,-3.93335,-41.7088
2208403,22,PI,Piripiri,67676,-4.27157,-41.7716
2208502,22,PI,Porto,12312,-3.88815,-42.6998
2208551,22,PI,Porto Alegre do Piauí,2391,-6.96423,-44.1837
2208601,22,PI,Prata do Piauí,3098,-5.67265,-42.2046
2208650,22,PI,Queimada Nova,8936,-8.57064,-41.4106
2208700,22,PI,Redenção do Gurguéia,8563,-9.47937,-44.5811
2208809,22,PI,Regeneração,17418,-6.23115,-42.6842
2208858,22,PI,Riacho Frio,4241,-10.1244,-44.9503
2208874,22,PI,Ribeira do Piauí,4114,-7.69028,-42.7128
2208908,22,PI,Ribeiro Gonçalves,6215,-7.55651,-45.2447
2209005,22,PI,Rio Grande do Piauí,5868,-7.78029,-43.1369
2209104,22,PI,Santa Cruz do Piauí,5928,-7.1785,-41.7609
2209153,22,PI,Santa Cruz dos Milagres,3466,-5.80581,-41.9506
2209203,22,PI,Santa Filomena,6209,-9.11228,-45.9116
2209302,22,PI,Santa Luz,5425,-8.9488,-44.1296
2209351,22,PI,Santana do Piauí,4174,-6.94696,-41.5178
2209377,22,PI,Santa Rosa do Piauí,4690,-6.79581,-42.2814
2209401,22,PI,Santo Antônio de Lisboa,5938,-6.98676,-41.2252
2209450,22,PI,Santo Antônio dos Milagres,2189,-6.04647,-42.7123
2209500,22,PI,Santo Inácio do Piauí,3719,-7.42072,-41.9063
2209559,22,PI,São Braz do Piauí,4451,-9.05797,-43.0076
2209609,22,PI,São Félix do Piauí,2885,-5.93485,-42.1172
2209658,22,PI,São Francisco de Assis do Piauí,5703,-8.23599,-41.6873
2209708,22,PI,São Francisco do Piauí,5404,-7.2463,-42.541
2209757,22,PI,São Gonçalo do Gurguéia,3019,-10.0319,-45.3092
2209807,22,PI,São Gonçalo do Piauí,4944,-5.99393,-42.7095
2209856,22,PI,São João da Canabrava,4306,-6.81203,-41.3415
2209872,22,PI,São João da Fronteira,5615,-3.95497,-41.2569
2209906,22,PI,São João da Serra,6233,-5.51081,-41.8923
2209955,22,PI,São João da Varjota,4443,-6.94082,-41.8889
2209971,22,PI,São João do Arraial,8443,-3.8186,-42.4459
2210003,22,PI,São João do Piauí,22036,-8.35466,-42.2559
2210052,22,PI,São José do Divino,4906,-3.81411,-41.8308
2210102,22,PI,São José do Peixe,3320,-7.48554,-42.5672
2210201,22,PI,São José do Piauí,6732,-6.87194,-41.4731
2210300,22,PI,São Julião,6135,-7.08391,-40.8246
2210359,22,PI,São Lourenço do Piauí,4497,-9.16463,-42.5496
2210375,22,PI,São Luis do Piauí,2329,-6.81936,-41.3175
2210383,22,PI,São Miguel da Baixa Grande,2304,-5.85646,-42.1934
2210391,22,PI,São Miguel do Fidalgo,2870,-7.59713,-42.3676
2210409,22,PI,São Miguel do Tapuio,17902,-5.49729,-41.3165
2210508,22,PI,São Pedro do Piauí,14046,-5.92078,-42.7192
2210607,22,PI,São Raimundo Nonato,40784,-9.01241,-42.6987
2210623,22,PI,Sebastião Barros,3228,-10.817,-44.8337
2210631,22,PI,Sebastião Leal,4572,-7.56803,-44.06
2210656,22,PI,Sigefredo Pacheco,9631,-4.91665,-41.7311
2210706,22,PI,Simões,14650,-7.59109,-40.8137
2210805,22,PI,Simplício Mendes,14342,-7.85294,-41.9075
2210904,22,PI,Socorro do Piauí,4184,-7.86773,-42.4922
2210938,22,PI,Sussuapara,6345,-7.03687,-41.3767
2210953,22,PI,Tamboril do Piauí,3029,-8.40937,-42.9211
2210979,22,PI,Tanque do Piauí,2330,-6.59787,-42.2795
2211001,22,PI,Teresina,902644,-5.09194,-42.8034
2211100,22,PI,União,47707,-4.58571,-42.8583
2211209,22,PI,Uruçuí,26501,-7.23944,-44.5577
2211308,22,PI,Valença do Piauí,22920,-6.40301,-41.7375
2211357,22,PI,Várzea Branca,5173,-9.238,-42.9692
2211407,22,PI,Várzea Grande,4515,-6.54899,-42.248
2211506,22,PI,Vera Mendes,3271,-7.59748,-41.4673
2211605,22,PI,Vila Nova do Piauí,2979,-7.13272,-40.9345
2211704,22,PI,Wall Ferraz,4117,-7.23151,-41.905
2300101,23,CE,Abaiara,10282,-7.34588,-39.0416
2300150,23,CE,Acarape,14306,-4.22083,-38.7055
2300200,23,CE,Acaraú,68758,-2.88769,-40.1183
2300309,23,CE,Acopiara,46215,-6.08911,-39.448
2300408,23,CE,Aiuaba,14220,-6.57122,-40.1178
2300507,23,CE,Alcântaras,11754,-3.58537,-40.5479
2300606,23,CE,Altaneira,6970,-6.99837,-39.7356
2300705,23,CE,Alto Santo,14418,-5.50894,-38.2743
2300754,23,CE,Amontada,44342,-3.36017,-39.8288
2300804,23,CE,Antonina do Norte,7484,-6.76919,-39.987
2300903,23,CE,Apuiarés,13219,-3.94506,-39.4359
2301000,23,CE,Aquiraz,84737,-3.89929,-38.3896
2301109,23,CE,Aracati,78752,-4.55826,-37.7679
2301208,23,CE,Aracoiaba,26696,-4.36872,-38.8125
2301257,23,CE,Ararendá,11485,-4.74567,-40.831
2301307,23,CE,Araripe,20223,-7.21319,-40.1359
2301406,23,CE,Aratuba,11459,-4.41229,-39.0471
2301505,23,CE,Arneiroz,7619,-6.3165,-40.1653
2301604,23,CE,Assaré,22212,-6.8669,-39.8689
2301703,23,CE,Aurora,24267,-6.93349,-38.9742
2301802,23,CE,Baixio,5832,-6.71945,-38.7134
2301851,23,CE,Banabuiú,17654,-5.30454,-38.9132
2301901,23,CE,Barbalha,80217,-7.2982,-39.3021
2301950,23,CE,Barreira,23351,-4.28921,-38.6429
2302008,23,CE,Barro,19669,-7.17188,-38.7741
2302057,23,CE,Barroquinha,14977,-3.02051,-41.1358
2302107,23,CE,Baturité,36978,-4.32598,-38.8812
2302206,23,CE,Beberibe,55666,-4.17741,-38.1271
2302305,23,CE,Bela Cruz,34441,-3.04996,-40.1671
2302404,23,CE,Boa Viagem,52169,-5.11258,-39.7337
2302503,23,CE,Brejo Santo,53778,-7.48469,-38.9799
2302602,23,CE,Camocim,65031,-2.9005,-40.8544
2302701,23,CE,Campos Sales,26082,-7.06761,-40.3687
2302800,23,CE,Canindé,77207,-4.35162,-39.3155
2302909,23,CE,Capistrano,17760,-4.45569,-38.9048
2303006,23,CE,Caridade,16419,-4.22514,-39.1912
2303105,23,CE,Cariré,18075,-3.94858,-40.476
2303204,23,CE,Caririaçu,27482,-7.02808,-39.2828
2303303,23,CE,Cariús,17333,-6.52428,-39.4916
2303402,23,CE,Carnaubal,17758,-4.15985,-40.9413
2303501,23,CE,Cascavel,76365,-4.12967,-38.2412
2303600,23,CE,Catarina,9577,-6.12291,-39.8736
2303659,23,CE,Catunda,10817,-4.64336,-40.2
2303709,23,CE,Caucaia,375730,-3.72797,-38.6619
2303808,23,CE,Cedro,22678,-6.60034,-39.0609
2303907,23,CE,Chaval,12805,-3.03571,-41.2435
2303931,23,CE,Choró,12380,-4.83906,-39.1344
2303956,23,CE,Chorozinho,20763,-4.28873,-38.4986
2304004,23,CE,Coreaú,21438,-3.5415,-40.6587
2304103,23,CE,Crateús,79809,-5.16768,-40.6536
2304202,23,CE,Crato,138232,-7.2153,-39.4103
2304236,23,CE,Croatá,18007,-4.40481,-40.9022
2304251,23,CE,Cruz,31847,-2.91813,-40.176
2304269,23,CE,Deputado Irapuan Pinheiro,9172,-5.91485,-39.257
2304277,23,CE,Ereré,6393,-6.02751,-38.3461
2304285,23,CE,Eusébio,80304,-3.8925,-38.4559
2304301,23,CE,Farias Brito,18557,-6.92146,-39.5651
2304350,23,CE,Forquilha,25127,-3.79945,-40.2634
2304400,23,CE,Fortaleza,2574412,-3.71664,-38.5423
2304459,23,CE,Fortim,18052,-4.45126,-37.7981
2304509,23,CE,Frecheirinha,16362,-3.75557,-40.818
2304608,23,CE,General Sampaio,6924,-4.04351,-39.454
2304657,23,CE,Graça,14174,-4.04422,-40.749
2304707,23,CE,Granja,55633,-3.12788,-40.8372
2304806,23,CE,Granjeiro,4960,-6.88134,-39.2144
2304905,23,CE,Groaíras,11313,-3.91787,-40.3852
2304954,23,CE,Guaiúba,25085,-4.04057,-38.6404
2305001,23,CE,Guaraciaba do Norte,44294,-4.15814,-40.7476
2305100,23,CE,Guaramiranga,5819,-4.26248,-38.932
2305209,23,CE,Hidrolândia,18225,-4.40958,-40.4056
2305233,23,CE,Horizonte,79934,-4.1209,-38.4707
2305266,23,CE,Ibaretama,12191,-4.80376,-38.7501
2305308,23,CE,Ibiapina,24649,-3.92403,-40.8911
2305332,23,CE,Ibicuitinga,11979,-4.96999,-38.6362
2305357,23,CE,Icapuí,22367,-4.71206,-37.3531
2305407,23,CE,Icó,64802,-6.39627,-38.8554
2305506,23,CE,Iguatu,102251,-6.36281,-39.2892
2305605,23,CE,Independência,24530,-5.38789,-40.3085
2305654,23,CE,Ipaporanga,11937,-4.89764,-40.7537
2305704,23,CE,Ipaumirim,12441,-6.78265,-38.7179
2305803,23,CE,Ipu,42968,-4.31748,-40.7059
2305902,23,CE,Ipueiras,38285,-4.53802,-40.7118
2306009,23,CE,Iracema,14411,-5.8124,-38.2919
2306108,23,CE,Irauçuba,24751,-3.74737,-39.7843
2306207,23,CE,Itaiçaba,7779,-4.67146,-37.833
2306256,23,CE,Itaitinga,70679,-3.96577,-38.5298
2306306,23,CE,Itapajé,49086,-3.68314,-39.5855
2306405,23,CE,Itapipoca,137892,-3.49933,-39.5836
2306504,23,CE,Itapiúna,18228,-4.55516,-38.9281
2306553,23,CE,Itarema,45465,-2.9248,-39.9167
2306603,23,CE,Itatira,21087,-4.52608,-39.6202
2306702,23,CE,Jaguaretama,17625,-5.6051,-38.7639
2306801,23,CE,Jaguaribara,10656,-5.67765,-38.5359
2306900,23,CE,Jaguaribe,35124,-5.90213,-38.6227
2307007,23,CE,Jaguaruana,33070,-4.83151,-37.781
2307106,23,CE,Jardim,28707,-7.57599,-39.2826
2307205,23,CE,Jati,8100,-7.6797,-39.0029
2307254,23,CE,Jijoca de Jericoacoara,27662,-2.79331,-40.5127
2307304,23,CE,Juazeiro do Norte,303004,-7.19621,-39.3076
2307403,23,CE,Jucás,24591,-6.51523,-39.5187
2307502,23,CE,Lavras da Mangabeira,32123,-6.7448,-38.9706
2307601,23,CE,Limoeiro do Norte,62285,-5.14392,-38.0847
2307635,23,CE,Madalena,17264,-4.84601,-39.5725
2307650,23,CE,Maracanaú,249684,-3.86699,-38.6259
2307700,23,CE,Maranguape,108937,-3.89143,-38.6829
2307809,23,CE,Marco,27064,-3.1285,-40.1582
2307908,23,CE,Martinópole,11232,-3.2252,-40.6896
2308005,23,CE,Massapê,39633,-3.52364,-40.3423
2308104,23,CE,Mauriti,47406,-7.38597,-38.7708
2308203,23,CE,Meruoca,15749,-3.53974,-40.4531
2308302,23,CE,Milagres,26860,-7.29749,-38.9378
2308351,23,CE,Milhã,14635,-5.67252,-39.1875
2308377,23,CE,Miraíma,14736,-3.56867,-39.9663
2308401,23,CE,Missão Velha,38767,-7.23522,-39.143
2308500,23,CE,Mombaça,38649,-5.73844,-39.63
2308609,23,CE,Monsenhor Tabosa,17664,-4.79102,-40.0646
2308708,23,CE,Morada Nova,65323,-5.09736,-38.3702
2308807,23,CE,Moraújo,8516,-3.46311,-40.6776
2308906,23,CE,Morrinhos,23608,-3.23426,-40.1233
2309003,23,CE,Mucambo,14009,-3.90271,-40.7452
2309102,23,CE,Mulungu,10993,-4.30294,-38.9951
2309201,23,CE,Nova Olinda,15960,-7.08415,-39.6713
2309300,23,CE,Nova Russas,32014,-4.70581,-40.5621
2309409,23,CE,Novo Oriente,29043,-5.52552,-40.7713
2309458,23,CE,Ocara,25218,-4.48523,-38.5933
2309508,23,CE,Orós,20019,-6.25182,-38.9053
2309607,23,CE,Pacajus,74825,-4.17107,-38.465
2309706,23,CE,Pacatuba,85873,-3.9784,-38.6183
2309805,23,CE,Pacoti,11442,-4.22492,-38.922
2309904,23,CE,Pacujá,6345,-3.98327,-40.6989
2310001,23,CE,Palhano,9671,-4.73672,-37.9655
2310100,23,CE,Palmácia,10339,-4.13831,-38.8446
2310209,23,CE,Paracuru,41447,-3.41436,-39.03
2310258,23,CE,Paraipaba,33896,-3.43799,-39.1479
2310308,23,CE,Parambu,32816,-6.20768,-40.6905
2310407,23,CE,Paramoti,10528,-4.08815,-39.2417
2310506,23,CE,Pedra Branca,42257,-5.45341,-39.7078
2310605,23,CE,Penaforte,9308,-7.82163,-39.0707
2310704,23,CE,Pentecoste,39715,-3.79274,-39.2692
2310803,23,CE,Pereiro,15869,-6.03576,-38.4624
2310852,23,CE,Pindoretama,24607,-4.01584,-38.3061
2310902,23,CE,Piquet Carneiro,17202,-5.80025,-39.417
2310951,23,CE,Pires Ferreira,10952,-4.23922,-40.6442
2311009,23,CE,Poranga,12423,-4.74672,-40.9205
2311108,23,CE,Porteiras,17745,-7.52265,-39.114
2311207,23,CE,Potengi,8926,-7.09154,-40.0233
2311231,23,CE,Potiretama,6129,-5.71287,-38.1578
2311264,23,CE,Quiterianópolis,20506,-5.8425,-40.7002
2311306,23,CE,Quixadá,88483,-4.9663,-39.0155
2311355,23,CE,Quixelô,16992,-6.24637,-39.2011
2311405,23,CE,Quixeramobim,85797,-5.19067,-39.2889
2311504,23,CE,Quixeré,21607,-5.07148,-37.9802
2311603,23,CE,Redenção,28359,-4.21587,-38.7277
2311702,23,CE,Reriutaba,19059,-4.14191,-40.5759
2311801,23,CE,Russas,74582,-4.92673,-37.9721
2311900,23,CE,Saboeiro,14036,-6.5346,-39.9017
2311959,23,CE,Salitre,17220,-7.28398,-40.45
2312007,23,CE,Santana do Acaraú,32043,-3.46144,-40.2118
2312106,23,CE,Santana do Cariri,17388,-7.17613,-39.7302
2312205,23,CE,Santa Quitéria,41647,-4.32608,-40.1523
2312304,23,CE,São Benedito,49829,-4.04713,-40.8596
2312403,23,CE,São Gonçalo do Amarante,57499,-3.60515,-38.9726
2312502,23,CE,São João do Jaguaribe,5792,-5.27516,-38.2694
2312601,23,CE,São Luís do Curu,10962,-3.66976,-39.2391
2312700,23,CE,Senador Pompeu,25143,-5.58244,-39.3704
2312809,23,CE,Senador Sá,7519,-3.35305,-40.4662
2312908,23,CE,Sobral,215286,-3.68913,-40.3482
2313005,23,CE,Solonópole,18736,-5.71894,-39.0107
2313104,23,CE,Tabuleiro do Norte,32044,-5.24353,-38.1282
2313203,23,CE,Tamboril,25331,-4.83136,-40.3196
2313252,23,CE,Tarrafas,7626,-6.67838,-39.753
2313302,23,CE,Tauá,64255,-5.98585,-40.2968
2313351,23,CE,Tejuçuoca,17626,-3.98831,-39.5799
2313401,23,CE,Tianguá,86137,-3.72965,-40.9923
2313500,23,CE,Trairi,61516,-3.26932,-39.2681
2313559,23,CE,Tururu,15457,-3.58413,-39.4297
2313609,23,CE,Ubajara,34312,-3.85448,-40.9204
2313708,23,CE,Umari,6993,-6.63893,-38.7008
2313757,23,CE,Umirim,17804,-3.67654,-39.3465
2313807,23,CE,Uruburetama,21279,-3.62316,-39.5107
2313906,23,CE,Uruoca,14243,-3.30819,-40.5628
2313955,23,CE,Varjota,18660,-4.19387,-40.4741
2314003,23,CE,Várzea Alegre,40771,-6.78264,-39.2942
2314102,23,CE,Viçosa do Ceará,62609,-3.5667,-41.0916
2400109,24,RN,Acari,10865,-6.4282,-36.6347
2400208,24,RN,Açu,58906,-5.58362,-36.914
2400307,24,RN,Afonso Bezerra,11149,-5.49229,-36.5075
2400406,24,RN,Água Nova,3028,-6.20351,-38.2941
2400505,24,RN,Alexandria,14042,-6.40533,-38.0142
2400604,24,RN,Almino Afonso,4806,-6.1475,-37.7636
2400703,24,RN,Alto do Rodrigues,12857,-5.28186,-36.75
2400802,24,RN,Angicos,11973,-5.65792,-36.6094
2400901,24,RN,Antônio Martins,6738,-6.21367,-37.8834
2401008,24,RN,Apodi,37390,-5.65349,-37.7946
2401107,24,RN,Areia Branca,24643,-4.95254,-37.1252
2401206,24,RN,Arês,13657,-6.18831,-35.1608
2401305,24,RN,Campo Grande,10045,-5.86206,-37.3135
2401404,24,RN,Baía Formosa,9098,-6.37161,-35.0033
2401453,24,RN,Baraúna,28268,-5.06977,-37.6129
2401503,24,RN,Barcelona,4103,-5.94284,-35.9247
2401602,24,RN,Bento Fernandes,4920,-5.69906,-35.813
2401651,24,RN,Bodó,2363,-5.98027,-36.4167
2401701,24,RN,Bom Jesus,10279,-5.98648,-35.5792
2401800,24,RN,Brejinho,12603,-6.18566,-35.3591
2401859,24,RN,Caiçara do Norte,6474,-5.07091,-36.0717
2401909,24,RN,Caiçara do Rio do Vento,3359,-5.76541,-35.9938
2402006,24,RN,Caicó,63339,-6.45441,-37.1067
2402105,24,RN,Campo Redondo,10504,-6.23829,-36.1888
2402204,24,RN,Canguaretama,30806,-6.37193,-35.1281
2402303,24,RN,Caraúbas,20161,-5.78387,-37.5586
2402402,24,RN,Carnaúba dos Dantas,8267,-6.55015,-36.5868
2402501,24,RN,Carnaubais,10010,-5.34181,-36.8335
2402600,24,RN,Ceará-Mirim,83009,-5.64323,-35.4247
2402709,24,RN,Cerro Corá,11322,-6.03503,-36.3503
2402808,24,RN,Coronel Ezequiel,5241,-6.3748,-36.2223
2402907,24,RN,Coronel João Pessoa,4315,-6.24974,-38.4441
2403004,24,RN,Cruzeta,8238,-6.40894,-36.7782
2403103,24,RN,Currais Novos,42930,-6.25484,-36.5146
2403202,24,RN,Doutor Severiano,7253,-6.08082,-38.3794
2403251,24,RN,Parnamirim,269298,-5.91116,-35.271
2403301,24,RN,Encanto,6252,-6.10691,-38.3033
2403400,24,RN,Equador,5476,-6.93835,-36.717
2403509,24,RN,Espírito Santo,10936,-6.33563,-35.3052
2403608,24,RN,Extremoz,66993,-5.70143,-35.3048
2403707,24,RN,Felipe Guerra,6458,-5.59274,-37.6875
2403756,24,RN,Fernando Pedroza,3029,-5.69096,-36.5282
2403806,24,RN,Florânia,10528,-6.12264,-36.8226
2403905,24,RN,Francisco Dantas,2763,-6.07234,-38.1212
2404002,24,RN,Frutuoso Gomes,4231,-6.15669,-37.8375
2404101,24,RN,Galinhos,2160,-5.0909,-36.2754
2404200,24,RN,Goianinha,28212,-6.26486,-35.1943
2404309,24,RN,Governador Dix-Sept Rosado,12239,-5.44887,-37.5183
2404408,24,RN,Grossos,10251,-4.98068,-37.1621
2404507,24,RN,Guamaré,15947,-5.10619,-36.3222
2404606,24,RN,Ielmo Marinho,11903,-5.82447,-35.55
2404705,24,RN,Ipanguaçu,14539,-5.48984,-36.8501
2404804,24,RN,Ipueira,2090,-6.80596,-37.2045
2404853,24,RN,Itajá,7531,-5.63894,-36.8712
2404903,24,RN,Itaú,5452,-5.8363,-37.9912
2405009,24,RN,Jaçanã,8051,-6.41856,-36.2031
2405108,24,RN,Jandaíra,6748,-5.35211,-36.1278
2405207,24,RN,Janduís,4834,-6.01474,-37.4048
2405306,24,RN,Januário Cicco,8836,-6.16566,-35.6219
2405405,24,RN,Japi,5231,-6.46544,-35.9346
2405504,24,RN,Jardim de Angicos,2493,-5.64999,-35.9713
2405603,24,RN,Jardim de Piranhas,14416,-6.37665,-37.3496
2405702,24,RN,Jardim do Seridó,11952,-6.58047,-36.7736
2405801,24,RN,João Câmara,34768,-5.54094,-35.8122
2405900,24,RN,João Dias,2093,-6.27215,-37.7885
2406007,24,RN,José da Penha,5964,-6.31095,-38.2823
2406106,24,RN,Jucurutu,18286,-6.0306,-37.009
2406155,24,RN,Jundiá,3859,-6.26866,-35.3495
2406205,24,RN,Lagoa d'Anta,6733,-6.39493,-35.5949
2406304,24,RN,Lagoa de Pedras,7577,-6.15082,-35.4299
2406403,24,RN,Lagoa de Velhos,2633,-6.0119,-35.8729
2406502,24,RN,Lagoa Nova,16126,-6.09339,-36.4703
2406601,24,RN,Lagoa Salgada,8619,-6.12295,-35.4724
2406700,24,RN,Lajes,10108,-5.69322,-36.247
2406809,24,RN,Lajes Pintadas,4939,-6.14943,-36.1171
2406908,24,RN,Lucrécia,3579,-6.10525,-37.8134
2407005,24,RN,Luís Gomes,9286,-6.40588,-38.3899
2407104,24,RN,Macaíba,86433,-5.85229,-35.3552
2407203,24,RN,Macau,28384,-5.10795,-36.6318
2407252,24,RN,Major Sales,4067,-6.39949,-38.324
2407302,24,RN,Marcelino Vieira,8092,-6.2846,-38.1642
2407401,24,RN,Martins,8411,-6.08279,-37.908
2407500,24,RN,Maxaranguape,10534,-5.52181,-35.2631
2407609,24,RN,Messias Targino,4404,-6.07194,-37.5158
2407708,24,RN,Montanhas,11774,-6.48522,-35.2842
2407807,24,RN,Monte Alegre,23843,-6.07063,-35.3253
2407906,24,RN,Monte das Gameleiras,2343,-6.43698,-35.7831
2408003,24,RN,Mossoró,278034,-5.18374,-37.3474
2408102,24,RN,Natal,785368,-5.79357,-35.1986
2408201,24,RN,Nísia Floresta,33949,-6.09329,-35.1991
2408300,24,RN,Nova Cruz,35534,-6.47511,-35.4286
2408409,24,RN,Olho d'Água do Borges,3748,-5.9486,-37.7047
2408508,24,RN,Ouro Branco,5071,-6.6958,-36.9428
2408607,24,RN,Paraná,4046,-6.47565,-38.3057
2408706,24,RN,Paraú,3659,-5.76893,-37.1032
2408805,24,RN,Parazinho,4940,-5.22276,-35.8398
2408904,24,RN,Parelhas,22179,-6.68491,-36.6566
2408953,24,RN,Rio do Fogo,10672,-5.2765,-35.3794
2409100,24,RN,Passa e Fica,11406,-6.43018,-35.6442
2409209,24,RN,Passagem,3222,-6.27268,-35.37
2409308,24,RN,Patu,11245,-6.10656,-37.6356
2409332,24,RN,Santa Maria,4992,-5.83802,-35.6914
2409407,24,RN,Pau dos Ferros,31975,-6.10498,-38.2077
2409506,24,RN,Pedra Grande,3729,-5.14988,-35.876
2409605,24,RN,Pedra Preta,2499,-5.57352,-36.1084
2409704,24,RN,Pedro Avelino,6345,-5.5161,-36.3867
2409803,24,RN,Pedro Velho,14197,-6.4356,-35.2195
2409902,24,RN,Pendências,12536,-5.2564,-36.7095
2410009,24,RN,Pilões,3010,-6.26364,-38.0461
2410108,24,RN,Poço Branco,12619,-5.62233,-35.6635
2410207,24,RN,Portalegre,7842,-6.02064,-37.9865
2410256,24,RN,Porto do Mangue,5357,-5.05441,-36.7887
2410306,24,RN,Serra Caiada,11146,-6.10478,-35.7113
2410405,24,RN,Pureza,9707,-5.46393,-35.5554
2410504,24,RN,Rafael Fernandes,5647,-6.18987,-38.2211
2410603,24,RN,Rafael Godeiro,3008,-6.07244,-37.716
2410702,24,RN,Riacho da Cruz,2741,-5.92654,-37.949
2410801,24,RN,Riacho de Santana,4243,-6.25139,-38.3116
2410900,24,RN,Riachuelo,7627,-5.82156,-35.8215
2411007,24,RN,Rodolfo Fernandes,4349,-5.78393,-38.0579
2411056,24,RN,Tibau,5674,-4.83729,-37.2554
2411106,24,RN,Ruy Barbosa,3266,-5.88745,-35.933
2411205,24,RN,Santa Cruz,38996,-6.22475,-36.0193
2411403,24,RN,Santana do Matos,12746,-5.94605,-36.6578
2411429,24,RN,Santana do Seridó,2787,-6.76643,-36.7312
2411502,24,RN,Santo Antônio,22779,-6.31195,-35.4739
2411601,24,RN,São Bento do Norte,3426,-5.09259,-35.9587
2411700,24,RN,São Bento do Trairí,3892,-6.33798,-36.0863
2411809,24,RN,São Fernando,3600,-6.37975,-37.1864
2411908,24,RN,São Francisco do Oeste,4304,-5.97472,-38.1519
2412005,24,RN,São Gonçalo do Amarante,123207,-5.79068,-35.3257
2412104,24,RN,São João do Sabugi,6130,-6.71387,-37.2027
2412203,24,RN,São José de Mipibu,49693,-6.0773,-35.2417
2412302,24,RN,São José do Campestre,11340,-6.31087,-35.7067
2412401,24,RN,São José do Seridó,4716,-6.44002,-36.8746
2412500,24,RN,São Miguel,24329,-6.20283,-38.4947
2412559,24,RN,São Miguel do Gostoso,10590,-5.12302,-35.6354
2412609,24,RN,São Paulo do Potengi,17320,-5.8994,-35.7642
2412708,24,RN,São Pedro,5905,-5.90559,-35.6317
2412807,24,RN,São Rafael,7899,-5.79791,-36.8778
2412906,24,RN,São Tomé,10188,-5.96404,-36.0798
2413003,24,RN,São Vicente,6514,-6.21893,-36.6827
2413102,24,RN,Senador Elói de Souza,6007,-6.03334,-35.6978
2413201,24,RN,Senador Georgino Avelino,4193,-6.1576,-35.1299
2413300,24,RN,Serra de São Bento,5864,-6.41762,-35.7033
2413359,24,RN,Serra do Mel,13694,-5.17725,-37.0242
2413409,24,RN,Serra Negra do Norte,7801,-6.66031,-37.3996
2413508,24,RN,Serrinha,6609,-6.28181,-35.5
2413557,24,RN,Serrinha dos Pintos,4802,-6.11087,-37.9548
2413607,24,RN,Severiano Melo,5623,-5.77666,-37.957
2413706,24,RN,Sítio Novo,4758,-6.11132,-35.909
2413805,24,RN,Taboleiro Grande,2406,-5.91948,-38.0367
2413904,24,RN,Taipu,11716,-5.63058,-35.5918
2414001,24,RN,Tangará,13602,-6.19649,-35.7989
2414100,24,RN,Tenente Ananias,10587,-6.45823,-38.182
2414159,24,RN,Tenente Laurentino Cruz,6118,-6.1378,-36.7135
2414209,24,RN,Tibau do Sul,17840,-6.19176,-35.0866
2414308,24,RN,Timbaúba dos Batistas,2420,-6.45768,-37.2745
2414407,24,RN,Touros,34624,-5.20182,-35.4621
2414456,24,RN,Triunfo Potiguar,3474,-5.85408,-37.1786
2414506,24,RN,Umarizal,10671,-5.98238,-37.818
2414605,24,RN,Upanema,14013,-5.63761,-37.2635
2414704,24,RN,Várzea,5383,-6.34641,-35.3732
2414753,24,RN,Venha-Ver,3035,-6.32016,-38.4896
2414803,24,RN,Vera Cruz,11044,-6.04399,-35.428
2414902,24,RN,Viçosa,1890,-5.98253,-37.9462
2415008,24,RN,Vila Flor,3289,-6.31287,-35.067
2500106,25,PB,Água Branca,9578,-7.51144,-37.6357
2500205,25,PB,Aguiar,5061,-7.0918,-38.1681
2500304,25,PB,Alagoa Grande,26774,-7.03943,-35.6206
2500403,25,PB,Alagoa Nova,21724,-7.05377,-35.7591
2500502,25,PB,Alagoinha,14118,-6.94657,-35.5332
2500536,25,PB,Alcantil,5777,-7.73668,-36.0511
2500577,25,PB,Algodão de Jandaíra,3105,-6.89292,-36.0129
2500601,25,PB,Alhandra,22797,-7.42977,-34.9057
2500700,25,PB,São João do Rio do Peixe,18468,-6.72195,-38.4468
2500734,25,PB,Amparo,2316,-7.55502,-37.0628
2500775,25,PB,Aparecida,8225,-6.78466,-38.0803
2500809,25,PB,Araçagi,17012,-6.84374,-35.3737
2500908,25,PB,Arara,12496,-6.82813,-35.7552
2501005,25,PB,Araruna,17442,-6.54848,-35.7498
2501104,25,PB,Areia,23082,-6.96396,-35.6977
2501153,25,PB,Areia de Baraúnas,2036,-7.11702,-36.9404
2501203,25,PB,Areial,7393,-7.04789,-35.9313
2501302,25,PB,Aroeiras,19148,-7.54473,-35.7066
2501351,25,PB,Assunção,4342,-7.07231,-36.725
2501401,25,PB,Baía da Traição,9648,-6.69209,-34.9381
2501500,25,PB,Bananeiras,23989,-6.74775,-35.6246
2501534,25,PB,Baraúna,4968,-6.63484,-36.2601
2501575,25,PB,Barra de Santana,8253,-7.51809,-35.9913
2501609,25,PB,Barra de Santa Rosa,13094,-6.71816,-36.0671
2501708,25,PB,Barra de São Miguel,6101,-7.74603,-36.3209
2501807,25,PB,Bayeux,84404,-7.1238,-34.9293
2501906,25,PB,Belém,16740,-6.74261,-35.5166
2502003,25,PB,Belém do Brejo do Cruz,6324,-6.18515,-37.5348
2502052,25,PB,Bernardino Batista,3650,-6.44572,-38.5521
2502102,25,PB,Boa Ventura,5277,-7.40982,-38.2113
2502151,25,PB,Boa Vista,6575,-7.26365,-36.2357
2502201,25,PB,Bom Jesus,2333,-6.81601,-38.6453
2502300,25,PB,Bom Sucesso,4740,-6.44176,-37.9234
2502409,25,PB,Bonito de Santa Fé,10460,-7.31341,-38.5133
2502508,25,PB,Boqueirão,18153,-7.487,-36.1309
2502607,25,PB,Igaracy,5743,-7.17184,-38.1478
2502706,25,PB,Borborema,4231,-6.80199,-35.6187
2502805,25,PB,Brejo do Cruz,14050,-6.34185,-37.4943
2502904,25,PB,Brejo dos Santos,5840,-6.37065,-37.8253
2503001,25,PB,Caaporã,21865,-7.51351,-34.9055
2503100,25,PB,Cabaceiras,5515,-7.48899,-36.287
2503209,25,PB,Cabedelo,70067,-6.98731,-34.8284
2503308,25,PB,Cachoeira dos Índios,9351,-6.91353,-38.676
2503407,25,PB,Cacimba de Areia,3354,-7.12128,-37.1563
2503506,25,PB,Cacimba de Dentro,16373,-6.6386,-35.7778
2503555,25,PB,Cacimbas,7478,-7.20721,-37.0604
2503605,25,PB,Caiçara,6713,-6.62115,-35.4581
2503704,25,PB,Cajazeiras,66171,-6.88004,-38.5577
2503753,25,PB,Cajazeirinhas,2776,-6.96016,-37.8009
2503803,25,PB,Caldas Brandão,5928,-7.1025,-35.3272
2503902,25,PB,Camalaú,6298,-7.88503,-36.8242
2504009,25,PB,Campina Grande,440939,-7.22196,-35.8731
2504033,25,PB,Capim,7347,-6.91624,-35.1673
2504074,25,PB,Caraúbas,4059,-7.72049,-36.492
2504108,25,PB,Carrapateira,2367,-7.03414,-38.3399
2504157,25,PB,Casserengue,7056,-6.77954,-35.8179
2504207,25,PB,Catingueira,4572,-7.12008,-37.6064
2504306,25,PB,Catolé do Rocha,32118,-6.34062,-37.747
2504355,25,PB,Caturité,5492,-7.41659,-36.0306
2504405,25,PB,Conceição,18723,-7.55106,-38.5014
2504504,25,PB,Condado,6624,-6.89831,-37.606
2504603,25,PB,Conde,29543,-7.25746,-34.8999
2504702,25,PB,Congo,5102,-7.79078,-36.6581
2504801,25,PB,Coremas,15005,-7.00712,-37.9346
2504850,25,PB,Coxixola,1882,-7.62365,-36.6064
2504900,25,PB,Cruz do Espírito Santo,17718,-7.13902,-35.0857
2505006,25,PB,Cubati,7820,-6.86686,-36.3619
2505105,25,PB,Cuité,20205,-6.47647,-36.1515
2505204,25,PB,Cuitegi,6894,-6.89058,-35.5215
2505238,25,PB,Cuité de Mamanguape,6431,-6.91292,-35.2502
2505279,25,PB,Curral de Cima,5406,-6.72325,-35.2639
2505303,25,PB,Curral Velho,2327,-7.53075,-38.1962
2505352,25,PB,Damião,5131,-6.63161,-35.9101
2505402,25,PB,Desterro,8300,-7.287,-37.0925
2505501,25,PB,Vista Serrana,3759,-6.7303,-37.5704
2505600,25,PB,Diamante,6431,-7.41738,-38.2615
2505709,25,PB,Dona Inês,10640,-6.61566,-35.6205
2505808,25,PB,Duas Estradas,3377,-6.68499,-35.418
2505907,25,PB,Emas,3053,-7.09964,-37.7163
2506004,25,PB,Esperança,32522,-7.02278,-35.8597
2506103,25,PB,Fagundes,11315,-7.34454,-35.7931
2506202,25,PB,Frei Martinho,2913,-6.39759,-36.4526
2506251,25,PB,Gado Bravo,8395,-7.58279,-35.7899
2506301,25,PB,Guarabira,59836,-6.85064,-35.485
2506400,25,PB,Gurinhém,14133,-7.1233,-35.4222
2506509,25,PB,Gurjão,3343,-7.24833,-36.4923
2506608,25,PB,Ibiara,5733,-7.47957,-38.4059
2506707,25,PB,Imaculada,10550,-7.3889,-37.5079
2506806,25,PB,Ingá,18197,-7.28144,-35.605
2506905,25,PB,Itabaiana,23621,-7.33167,-35.3317
2507002,25,PB,Itaporanga,24686,-7.30202,-38.1504
2507101,25,PB,Itapororoca,19054,-6.82374,-35.2406
2507200,25,PB,Itatuba,10816,-7.38115,-35.638
2507309,25,PB,Jacaraú,14923,-6.61453,-35.289
2507408,25,PB,Jericó,7721,-6.54577,-37.8036
2507507,25,PB,João Pessoa,888679,-7.11509,-34.8641
2507606,25,PB,Juarez Távora,8057,-7.1713,-35.5686
2507705,25,PB,Juazeirinho,17488,-7.06092,-36.5793
2507804,25,PB,Junco do Seridó,7002,-6.99269,-36.7166
2507903,25,PB,Juripiranga,10259,-7.36176,-35.2321
2508000,25,PB,Juru,9410,-7.52983,-37.815
2508109,25,PB,Lagoa,4502,-6.58572,-37.9127
2508208,25,PB,Lagoa de Dentro,8088,-6.67213,-35.3706
2508307,25,PB,Lagoa Seca,29053,-7.15535,-35.8491
2508406,25,PB,Lastro,3292,-6.50603,-38.1742
2508505,25,PB,Livramento,7045,-7.37113,-36.9491
2508554,25,PB,Logradouro,5045,-6.61191,-35.4384
2508604,25,PB,Lucena,13019,-6.90258,-34.8748
2508703,25,PB,Mãe d'Água,3624,-7.25201,-37.4322
2508802,25,PB,Malta,6259,-6.89719,-37.5221
2508901,25,PB,Mamanguape,46719,-6.8337,-35.1213
2509008,25,PB,Manaíra,10700,-7.70331,-38.1523
2509057,25,PB,Marcação,9435,-6.76535,-35.0087
2509107,25,PB,Mari,22126,-7.05942,-35.318
2509156,25,PB,Marizópolis,6960,-6.82748,-38.3528
2509206,25,PB,Massaranduba,14666,-7.18995,-35.7848
2509305,25,PB,Mataraca,8585,-6.59673,-35.0531
2509339,25,PB,Matinhas,4735,-7.12486,-35.7669
2509370,25,PB,Mato Grosso,2592,-6.54018,-37.7279
2509396,25,PB,Maturéia,6677,-7.26188,-37.351
2509404,25,PB,Mogeiro,14375,-7.28517,-35.4832
2509503,25,PB,Montadas,6083,-7.08848,-35.9592
2509602,25,PB,Monte Horebe,4435,-7.20402,-38.5838
2509701,25,PB,Monteiro,33742,-7.88363,-37.1184
2509800,25,PB,Mulungu,8945,-7.02525,-35.46
2509909,25,PB,Natuba,9014,-7.63514,-35.5586
2510006,25,PB,Nazarezinho,7392,-6.9114,-38.322
2510105,25,PB,Nova Floresta,9884,-6.45056,-36.2057
2510204,25,PB,Nova Olinda,5909,-7.47232,-38.0382
2510303,25,PB,Nova Palmeira,4362,-6.67122,-36.422
2510402,25,PB,Olho d'Água,6111,-7.22118,-37.7406
2510501,25,PB,Olivedos,3674,-6.98434,-36.241
2510600,25,PB,Ouro Velho,2998,-7.61604,-37.1519
2510659,25,PB,Parari,1751,-7.30975,-36.6522
2510709,25,PB,Passagem,2562,-7.13467,-37.0433
2510808,25,PB,Patos,107774,-7.01743,-37.2747
2510907,25,PB,Paulista,12160,-6.59138,-37.6185
2511004,25,PB,Pedra Branca,3846,-7.42169,-38.0689
2511103,25,PB,Pedra Lavrada,6998,-6.74997,-36.4758
2511202,25,PB,Pedras de Fogo,31152,-7.39107,-35.1065
2511301,25,PB,Piancó,17006,-7.19282,-37.9289
2511400,25,PB,Picuí,18835,-6.50845,-36.3497
2511509,25,PB,Pilar,12801,-7.26403,-35.2523
2511608,25,PB,Pilões,6979,-6.86827,-35.613
2511707,25,PB,Pilõezinhos,5514,-6.84277,-35.531
2511806,25,PB,Pirpirituba,9467,-6.77922,-35.4906
2511905,25,PB,Pitimbu,17164,-7.4664,-34.8151
2512002,25,PB,Pocinhos,17990,-7.06658,-36.0668
2512036,25,PB,Poço Dantas,3932,-6.39876,-38.4909
2512077,25,PB,Poço de José de Moura,4120,-6.56401,-38.5111
2512101,25,PB,Pombal,33796,-6.76606,-37.8003
2512200,25,PB,Prata,4027,-7.68826,-37.0801
2512309,25,PB,Princesa Isabel,21659,-7.73175,-37.9886
2512408,25,PB,Puxinanã,14837,-7.15479,-35.9543
2512507,25,PB,Queimadas,50214,-7.35029,-35.9031
2512606,25,PB,Quixaba,1798,-7.0224,-37.1458
2512705,25,PB,Remígio,18373,-6.94992,-35.8011
2512721,25,PB,Pedro Régis,5925,-6.63323,-35.2966
2512747,25,PB,Riachão,2964,-6.54269,-35.661
2512754,25,PB,Riachão do Bacamarte,4877,-7.25347,-35.6693
2512762,25,PB,Riachão do Poço,4946,-7.14173,-35.2914
2512788,25,PB,Riacho de Santo Antônio,2044,-7.68023,-36.157
2512804,25,PB,Riacho dos Cavalos,8762,-6.44067,-37.6483
2512903,25,PB,Rio Tinto,25394,-6.80383,-35.0776
2513000,25,PB,Salgadinho,3437,-7.10098,-36.8458
2513109,25,PB,Salgado de São Félix,11760,-7.35337,-35.4305
2513158,25,PB,Santa Cecília,8031,-7.7389,-35.8764
2513208,25,PB,Santa Cruz,6041,-6.5237,-38.0617
2513307,25,PB,Santa Helena,6020,-6.7176,-38.6427
2513356,25,PB,Santa Inês,3274,-7.621,-38.554
2513406,25,PB,Santa Luzia,15387,-6.86092,-36.9178
2513505,25,PB,Santana de Mangueira,5106,-7.54705,-38.3236
2513604,25,PB,Santana dos Garrotes,6657,-7.38162,-37.9819
2513653,25,PB,Joca Claudino,2606,-6.48362,-38.4764
2513703,25,PB,Santa Rita,159121,-7.11724,-34.9753
2513802,25,PB,Santa Teresinha,4499,-7.07964,-37.4435
2513851,25,PB,Santo André,2702,-7.22016,-36.6213
2513901,25,PB,São Bento,33700,-6.48529,-37.4488
2513927,25,PB,São Bentinho,4473,-6.88596,-37.7243
2513943,25,PB,São Domingos do Cariri,2676,-7.63273,-36.4374
2513968,25,PB,São Domingos,2636,-6.80313,-37.9488
2513984,25,PB,São Francisco,3190,-6.60773,-38.0968
2514008,25,PB,São João do Cariri,4341,-7.38168,-36.5345
2514107,25,PB,São João do Tigre,4363,-8.07703,-36.8547
2514206,25,PB,São José da Lagoa Tapada,7270,-6.93646,-38.1622
2514305,25,PB,São José de Caiana,5032,-7.24636,-38.2989
2514404,25,PB,São José de Espinharas,4099,-6.83974,-37.3214
2514453,25,PB,São José dos Ramos,6105,-7.25238,-35.3725
2514503,25,PB,São José de Piranhas,19552,-7.1187,-38.502
2514552,25,PB,São José de Princesa,3383,-7.73633,-38.0894
2514602,25,PB,São José do Bonfim,3333,-7.1607,-37.3036
2514651,25,PB,São José do Brejo do Cruz,1748,-6.21054,-37.3601
2514701,25,PB,São José do Sabugi,4270,-6.76295,-36.7972
2514800,25,PB,São José dos Cordeiros,3474,-7.38775,-36.8085
2514909,25,PB,São Mamede,7640,-6.92386,-37.0954
2515005,25,PB,São Miguel de Taipu,7287,-7.24764,-35.2016
2515104,25,PB,São Sebastião de Lagoa de Roça,11365,-7.11034,-35.8678
2515203,25,PB,São Sebastião do Umbuzeiro,3376,-8.15289,-37.0138
2515302,25,PB,Sapé,53309,-7.09359,-35.228
2515401,25,PB,São Vicente do Seridó,10620,-6.85426,-36.4122
2515500,25,PB,Serra Branca,14075,-7.48034,-36.666
2515609,25,PB,Serra da Raiz,3162,-6.68527,-35.4379
2515708,25,PB,Serra Grande,3043,-7.20957,-38.3647
2515807,25,PB,Serra Redonda,6984,-7.18622,-35.6842
2515906,25,PB,Serraria,4839,-6.81569,-35.6282
2515930,25,PB,Sertãozinho,5282,-6.75127,-35.4372
2515971,25,PB,Sobrado,8579,-7.14429,-35.2357
2516003,25,PB,Solânea,27749,-6.75161,-35.6636
2516102,25,PB,Soledade,14381,-7.05829,-36.3668
2516151,25,PB,Sossêgo,3461,-6.77067,-36.2538
2516201,25,PB,Sousa,69876,-6.75148,-38.2311
2516300,25,PB,Sumé,17763,-7.66206,-36.884
2516409,25,PB,Tacima,7934,-6.48759,-35.6367
2516508,25,PB,Taperoá,14376,-7.20629,-36.8245
2516607,25,PB,Tavares,14464,-7.62697,-37.8712
2516706,25,PB,Teixeira,15082,-7.22104,-37.2525
2516755,25,PB,Tenório,3069,-6.93855,-36.6273
2516805,25,PB,Triunfo,10259,-6.5713,-38.5986
2516904,25,PB,Uiraúna,15386,-6.51504,-38.4128
2517001,25,PB,Umbuzeiro,9302,-7.69199,-35.6582
2517100,25,PB,Várzea,2764,-6.76189,-36.9913
2517209,25,PB,Vieirópolis,4974,-6.50684,-38.2567
2517407,25,PB,Zabelê,2310,-8.07901,-37.1057
2600054,26,PE,Abreu e Lima,103945,-7.90072,-34.8984
2600104,26,PE,Afogados da Ingazeira,42407,-7.74312,-37.631
2600203,26,PE,Afrânio,19349,-8.51136,-41.0095
2600302,26,PE,Agrestina,24615,-8.45966,-35.9447
2600401,26,PE,Água Preta,27221,-8.70609,-35.5263
2600500,26,PE,Águas Belas,43713,-9.11125,-37.1226
2600609,26,PE,Alagoinha,14355,-8.4665,-36.7788
2600708,26,PE,Aliança,37372,-7.60398,-35.2227
2600807,26,PE,Altinho,21185,-8.48482,-36.0644
2600906,26,PE,Amaraji,18471,-8.37691,-35.4501
2601003,26,PE,Angelim,10580,-8.88429,-36.2902
2601052,26,PE,Araçoiaba,19936,-7.78391,-35.0809
2601102,26,PE,Araripina,90104,-7.57073,-40.494
2601201,26,PE,Arcoverde,82003,-8.41519,-37.0577
2601300,26,PE,Barra de Guabiraba,12616,-8.42075,-35.6585
2601409,26,PE,Barreiros,42056,-8.81605,-35.1832
2601508,26,PE,Belém de Maria,10829,-8.62504,-35.8335
2601607,26,PE,Belém do São Francisco,18713,-8.75046,-38.9623
2601706,26,PE,Belo Jardim,83647,-8.3313,-36.4258
2601805,26,PE,Betânia,11981,-8.26787,-38.0345
2601904,26,PE,Bezerros,64809,-8.2328,-35.796
2602001,26,PE,Bodocó,36129,-7.77759,-39.9338
2602100,26,PE,Bom Conselho,46192,-9.16919,-36.6857
2602209,26,PE,Bom Jardim,39278,-7.79695,-35.5784
2602308,26,PE,Bonito,39163,-8.47163,-35.7292
2602407,26,PE,Brejão,9399,-9.02915,-36.566
2602506,26,PE,Brejinho,8010,-7.34694,-37.2865
2602605,26,PE,Brejo da Madre de Deus,51107,-8.14933,-36.3741
2602704,26,PE,Buenos Aires,13254,-7.72449,-35.3182
2602803,26,PE,Buíque,54425,-8.61954,-37.1606
2602902,26,PE,Cabo de Santo Agostinho,216969,-8.28218,-35.0253
2603009,26,PE,Cabrobó,31746,-8.50548,-39.3094
2603108,26,PE,Cachoeirinha,20612,-8.48668,-36.2402
2603207,26,PE,Caetés,30441,-8.7803,-36.6268
2603306,26,PE,Calçado,11445,-8.73108,-36.3366
2603405,26,PE,Calumbi,5367,-7.93551,-38.1482
2603454,26,PE,Camaragibe,155771,-8.02351,-34.9782
2603504,26,PE,Camocim de São Félix,17991,-8.35865,-35.7653
2603603,26,PE,Camutanga,7972,-7.40545,-35.2664
2603702,26,PE,Canhotinho,25090,-8.87652,-36.1979
2603801,26,PE,Capoeiras,18890,-8.73423,-36.6306
2603900,26,PE,Carnaíba,19513,-7.79342,-37.7946
2603926,26,PE,Carnaubeira da Penha,12682,-8.31799,-38.7512
2604007,26,PE,Carpina,83205,-7.84566,-35.2514
2604106,26,PE,Caruaru,402290,-8.28455,-35.9699
2604155,26,PE,Casinhas,13489,-7.74084,-35.7206
2604205,26,PE,Catende,33279,-8.67509,-35.7024
2604304,26,PE,Cedro,10845,-7.71179,-39.2367
2604403,26,PE,Chã de Alegria,13461,-8.00679,-35.204
2604502,26,PE,Chã Grande,21224,-8.23827,-35.4571
2604601,26,PE,Condado,25383,-7.58787,-35.0999
2604700,26,PE,Correntes,17660,-9.12117,-36.3244
2604809,26,PE,Cortês,10512,-8.47443,-35.5468
2604908,26,PE,Cumaru,16252,-8.00827,-35.6957
2605004,26,PE,Cupira,24301,-8.62432,-35.9518
2605103,26,PE,Custódia,39403,-8.08546,-37.6443
2605152,26,PE,Dormentes,17749,-8.44116,-40.7662
2605202,26,PE,Escada,62252,-8.35672,-35.2241
2605301,26,PE,Exu,33436,-7.50364,-39.7238
2605400,26,PE,Feira Nova,22169,-7.94704,-35.3801
2605459,26,PE,Fernando de Noronha,3316,-3.8396,-32.4107
2605509,26,PE,Ferreiros,15794,-7.44666,-35.2373
2605608,26,PE,Flores,20835,-7.85842,-37.9715
2605707,26,PE,Floresta,31627,-8.60307,-38.5687
2605806,26,PE,Frei Miguelinho,14070,-7.93918,-35.9113
2605905,26,PE,Gameleira,17973,-8.5798,-35.3846
2606002,26,PE,Garanhuns,151064,-8.88243,-36.4966
2606101,26,PE,Glória do Goitá,30370,-8.00568,-35.2904
2606200,26,PE,Goiana,85160,-7.5606,-34.9959
2606309,26,PE,Granito,7206,-7.70711,-39.615
2606408,26,PE,Gravatá,91887,-8.21118,-35.5675
2606507,26,PE,Iati,17605,-9.04559,-36.8498
2606606,26,PE,Ibimirim,28760,-8.54026,-37.7032
2606705,26,PE,Ibirajuba,7344,-8.57633,-36.1812
2606804,26,PE,Igarassu,122312,-7.82881,-34.9013
2606903,26,PE,Iguaracy,11366,-7.83222,-37.5082
2607000,26,PE,Inajá,27488,-8.90206,-37.8351
2607109,26,PE,Ingazeira,4959,-7.66909,-37.4576
2607208,26,PE,Ipojuca,105638,-8.39303,-35.0609
2607307,26,PE,Ipubi,30603,-7.64505,-40.1476
2607406,26,PE,Itacuruba,4490,-8.82231,-38.6975
2607505,26,PE,Itaíba,33691,-8.94569,-37.4173
2607604,26,PE,Ilha de Itamaracá,25529,-7.74766,-34.8303
2607653,26,PE,Itambé,36626,-7.41403,-35.0963
2607703,26,PE,Itapetim,14232,-7.37178,-37.1863
2607752,26,PE,Itapissuma,29463,-7.76798,-34.8971
2607802,26,PE,Itaquitinga,17109,-7.66373,-35.1002
2607901,26,PE,Jaboatão dos Guararapes,683285,-8.11298,-35.015
2607950,26,PE,Jaqueira,10483,-8.72618,-35.7942
2608008,26,PE,Jataúba,16323,-7.97668,-36.4943
2608057,26,PE,Jatobá,14463,-9.17476,-38.2607
2608107,26,PE,João Alfredo,28903,-7.86565,-35.5787
2608206,26,PE,Joaquim Nabuco,13506,-8.62281,-35.5288
2608255,26,PE,Jucati,11975,-8.70195,-36.4871
2608305,26,PE,Jupi,15943,-8.70904,-36.4126
2608404,26,PE,Jurema,14027,-8.70714,-36.1347
2608453,26,PE,Lagoa do Carro,18708,-7.84383,-35.3108
2608503,26,PE,Lagoa de Itaenga,19915,-7.93005,-35.2874
2608602,26,PE,Lagoa do Ouro,12364,-9.12567,-36.4584
2608701,26,PE,Lagoa dos Gatos,14386,-8.6602,-35.904
2608750,26,PE,Lagoa Grande,24952,-8.99452,-40.2767
2608800,26,PE,Lajedo,41786,-8.65791,-36.3293
2608909,26,PE,Limoeiro,59125,-7.8726,-35.4402
2609006,26,PE,Macaparana,24624,-7.55564,-35.4425
2609105,26,PE,Machados,11471,-7.68827,-35.5114
2609154,26,PE,Manari,26773,-8.9649,-37.6313
2609204,26,PE,Maraial,9432,-8.79062,-35.8266
2609303,26,PE,Mirandiba,14599,-8.12113,-38.7388
2609402,26,PE,Moreno,57647,-8.10871,-35.0835
2609501,26,PE,Nazaré da Mata,32153,-7.74149,-35.2193
2609600,26,PE,Olinda,365402,-8.01017,-34.8545
2609709,26,PE,Orobó,22438,-7.74553,-35.5956
2609808,26,PE,Orocó,14100,-8.61026,-39.6026
2609907,26,PE,Ouricuri,68329,-7.87918,-40.08
2610004,26,PE,Palmares,56615,-8.68423,-35.589
2610103,26,PE,Palmeirina,7154,-9.0109,-36.3242
2610202,26,PE,Panelas,23449,-8.66121,-36.0125
2610301,26,PE,Paranatama,12712,-8.91875,-36.6549
2610400,26,PE,Parnamirim,19028,-8.08729,-39.5795
2610509,26,PE,Passira,29719,-7.9971,-35.5813
2610608,26,PE,Paudalho,59638,-7.90287,-35.1716
2610707,26,PE,Paulista,362960,-7.93401,-34.8684
2610806,26,PE,Pedra,23605,-8.49641,-36.94
2610905,26,PE,Pesqueira,65408,-8.35797,-36.6978
2611002,26,PE,Petrolândia,35991,-9.06863,-38.3027
2611101,26,PE,Petrolina,414083,-9.38866,-40.5027
2611200,26,PE,Poção,10805,-8.18726,-36.7111
2611309,26,PE,Pombos,26847,-8.13982,-35.3967
2611408,26,PE,Primavera,14351,-8.32999,-35.3544
2611507,26,PE,Quipapá,17974,-8.81175,-36.0137
2611533,26,PE,Quixaba,6755,-7.70734,-37.8446
2611606,26,PE,Recife,1587707,-8.04666,-34.8771
2611705,26,PE,Riacho das Almas,21411,-8.13742,-35.8648
2611804,26,PE,Ribeirão,34255,-8.50957,-35.3698
2611903,26,PE,Rio Formoso,20460,-8.6592,-35.1532
2612000,26,PE,Sairé,11218,-8.32864,-35.6967
2612109,26,PE,Salgadinho,5620,-7.9269,-35.6503
2612208,26,PE,Salgueiro,65635,-8.07373,-39.1247
2612307,26,PE,Saloá,14173,-8.9723,-36.691
2612406,26,PE,Sanharó,18933,-8.36097,-36.5696
2612455,26,PE,Santa Cruz,14320,-8.24153,-40.3434
2612471,26,PE,Santa Cruz da Baixa Verde,11933,-7.81339,-38.1476
2612505,26,PE,Santa Cruz do Capibaribe,104277,-7.94802,-36.2061
2612554,26,PE,Santa Filomena,12402,-8.16688,-40.6079
2612604,26,PE,Santa Maria da Boa Vista,42682,-8.79766,-39.8241
2612703,26,PE,Santa Maria do Cambucá,14533,-7.83676,-35.8941
2612802,26,PE,Santa Terezinha,10513,-7.37696,-37.4787
2612901,26,PE,São Benedito do Sul,13479,-8.8166,-35.9453
2613008,26,PE,São Bento do Una,51264,-8.52637,-36.4465
2613107,26,PE,São Caitano,39117,-8.33763,-36.2869
2613206,26,PE,São João,24772,-8.87576,-36.3653
2613305,26,PE,São Joaquim do Monte,20440,-8.43196,-35.8035
2613404,26,PE,São José da Coroa Grande,19468,-8.88937,-35.1515
2613503,26,PE,São José do Belmonte,36752,-7.85723,-38.7577
2613602,26,PE,São José do Egito,32491,-7.46945,-37.274
2613701,26,PE,São Lourenço da Mata,117759,-8.00684,-35.0124
2613800,26,PE,São Vicente Férrer,17176,-7.58969,-35.4808
2613909,26,PE,Serra Talhada,98143,-7.98178,-38.289
2614006,26,PE,Serrita,18759,-7.94041,-39.2951
2614105,26,PE,Sertânia,34269,-8.06847,-37.2684
2614204,26,PE,Sirinhaém,39233,-8.58778,-35.1126
2614303,26,PE,Moreilândia,10849,-7.61931,-39.546
2614402,26,PE,Solidão,5403,-7.59472,-37.6445
2614501,26,PE,Surubim,67515,-7.84746,-35.7481
2614600,26,PE,Tabira,29093,-7.58366,-37.5377
2614709,26,PE,Tacaimbó,14277,-8.30867,-36.3
2614808,26,PE,Tacaratu,24803,-9.09798,-38.1504
2614857,26,PE,Tamandaré,24534,-8.75665,-35.1033
2615003,26,PE,Taquaritinga do Norte,25497,-7.89446,-36.0423
2615102,26,PE,Terezinha,6857,-9.05621,-36.6272
2615201,26,PE,Terra Nova,9221,-8.22244,-39.3825
2615300,26,PE,Timbaúba,47575,-7.50484,-35.3119
2615409,26,PE,Toritama,43636,-8.00955,-36.0637
2615508,26,PE,Tracunhaém,14393,-7.80228,-35.2314
2615607,26,PE,Trindade,32086,-7.759,-40.2647
2615706,26,PE,Triunfo,15142,-7.83272,-38.0978
2615805,26,PE,Tupanatinga,27009,-8.74798,-37.3445
2615904,26,PE,Tuparetama,8252,-7.6003,-37.3165
2616001,26,PE,Venturosa,17609,-8.57885,-36.8742
2616100,26,PE,Verdejante,9474,-7.92235,-38.9701
2616183,26,PE,Vertente do Lério,7782,-7.77084,-35.8491
2616209,26,PE,Vertentes,22955,-7.90158,-35.9681
2616308,26,PE,Vicência,27297,-7.65655,-35.3139
2616407,26,PE,Vitória de Santo Antão,143799,-8.12819,-35.2976
2616506,26,PE,Xexéu,11791,-8.8046,-35.6212
2700102,27,AL,Água Branca,19550,-9.262,-37.938
2700201,27,AL,Anadia,14193,-9.68489,-36.3078
2700300,27,AL,Arapiraca,243661,-9.75487,-36.6615
2700409,27,AL,Atalaia,38530,-9.5119,-36.0086
2700508,27,AL,Barra de Santo Antônio,16735,-9.4023,-35.5101
2700607,27,AL,Barra de São Miguel,8118,-9.83842,-35.9057
2700706,27,AL,Batalha,17103,-9.6742,-37.133
2700805,27,AL,Belém,4820,-9.57047,-36.4904
2700904,27,AL,Belo Monte,5898,-9.82272,-37.277
2701001,27,AL,Boca da Mata,21517,-9.64308,-36.2125
2701100,27,AL,Branquinha,9786,-9.23342,-36.0162
2701209,27,AL,Cacimbinhas,10701,-9.40121,-36.9911
2701308,27,AL,Cajueiro,16605,-9.3994,-36.1559
2701357,27,AL,Campestre,6807,-8.84723,-35.5685
2701407,27,AL,Campo Alegre,32714,-9.78451,-36.3525
2701506,27,AL,Campo Grande,8293,-9.95542,-36.7926
2701605,27,AL,Canapi,15743,-9.11932,-37.5967
2701704,27,AL,Capela,15068,-9.41504,-36.0826
2701803,27,AL,Carneiros,9200,-9.48476,-37.3773
2701902,27,AL,Chã Preta,6010,-9.2556,-36.2983
2702009,27,AL,Coité do Nóia,11036,-9.63348,-36.5845
2702108,27,AL,Colônia Leopoldina,15949,-8.91806,-35.7214
2702207,27,AL,Coqueiro Seco,5700,-9.63715,-35.7994
2702306,27,AL,Coruripe,51788,-10.1276,-36.1717
2702355,27,AL,Craíbas,26115,-9.6178,-36.7697
2702405,27,AL,Delmiro Gouveia,52809,-9.38534,-37.9987
2702504,27,AL,Dois Riachos,9906,-9.38465,-37.0965
2702553,27,AL,Estrela de Alagoas,15701,-9.39089,-36.7644
2702603,27,AL,Feira Grande,23191,-9.89859,-36.6815
2702702,27,AL,Feliz Deserto,4038,-10.2935,-36.3028
2702801,27,AL,Flexeiras,9767,-9.27281,-35.7139
2702900,27,AL,Girau do Ponciano,37335,-9.88404,-36.8316
2703007,27,AL,Ibateguara,13992,-8.97823,-35.9373
2703106,27,AL,Igaci,24452,-9.53768,-36.6372
2703205,27,AL,Igreja Nova,22125,-10.1235,-36.6597
2703304,27,AL,Inhapi,15417,-9.22594,-37.7509
2703403,27,AL,Jacaré dos Homens,5182,-9.63545,-37.2076
2703502,27,AL,Jacuípe,5432,-8.83951,-35.4591
2703601,27,AL,Japaratinga,9443,-9.08746,-35.2634
2703700,27,AL,Jaramataia,5075,-9.66224,-37.0046
2703759,27,AL,Jequiá da Praia,9625,-10.0133,-36.0142
2703809,27,AL,Joaquim Gomes,17386,-9.1328,-35.7474
2703908,27,AL,Jundiá,4176,-8.93297,-35.5669
2704005,27,AL,Junqueiro,24381,-9.90696,-36.4803
2704104,27,AL,Lagoa da Canoa,18831,-9.83291,-36.7413
2704203,27,AL,Limoeiro de Anadia,25197,-9.74098,-36.5121
2704302,27,AL,Maceió,994464,-9.66599,-35.735
2704401,27,AL,Major Isidoro,17834,-9.53009,-36.992
2704500,27,AL,Maragogi,33232,-9.00744,-35.2267
2704609,27,AL,Maravilha,9715,-9.23045,-37.3524
2704708,27,AL,Marechal Deodoro,62341,-9.70971,-35.8967
2704807,27,AL,Maribondo,13968,-9.58353,-36.3045
2704906,27,AL,Mar Vermelho,3212,-9.44739,-36.3881
2705002,27,AL,Mata Grande,22147,-9.11824,-37.7323
2705101,27,AL,Matriz de Camaragibe,24330,-9.15437,-35.5243
2705200,27,AL,Messias,15707,-9.39384,-35.8392
2705309,27,AL,Minador do Negrão,4938,-9.31236,-36.8696
2705408,27,AL,Monteirópolis,7341,-9.60357,-37.2505
2705507,27,AL,Murici,25933,-9.30682,-35.9428
2705606,27,AL,Novo Lino,10298,-8.94191,-35.664
2705705,27,AL,Olho d'Água das Flores,21132,-9.53686,-37.2971
2705804,27,AL,Olho d'Água do Casado,8522,-9.50357,-37.8301
2705903,27,AL,Olho d'Água Grande,4384,-10.0572,-36.8101
2706000,27,AL,Olivença,11048,-9.51954,-37.1954
2706109,27,AL,Ouro Branco,11699,-9.15884,-37.3556
2706208,27,AL,Palestina,4410,-9.67493,-37.339
2706307,27,AL,Palmeira dos Índios,73596,-9.40568,-36.6328
2706406,27,AL,Pão de Açúcar,24291,-9.74032,-37.4403
2706422,27,AL,Pariconha,10803,-9.25634,-37.9988
2706448,27,AL,Paripueira,14176,-9.46313,-35.552
2706505,27,AL,Passo de Camaragibe,14076,-9.24511,-35.4745
2706604,27,AL,Paulo Jacinto,6697,-9.36792,-36.3672
2706703,27,AL,Penedo,60189,-10.2874,-36.5819
2706802,27,AL,Piaçabuçu,16201,-10.406,-36.434
2706901,27,AL,Pilar,36499,-9.60135,-35.9543
2707008,27,AL,Pindoba,2786,-9.47382,-36.2918
2707107,27,AL,Piranhas,23053,-9.624,-37.757
2707206,27,AL,Poço das Trincheiras,12974,-9.30742,-37.2889
2707305,27,AL,Porto Calvo,24520,-9.05195,-35.3987
2707404,27,AL,Porto de Pedras,9508,-9.16006,-35.3049
2707503,27,AL,Porto Real do Colégio,20262,-10.1849,-36.8376
2707602,27,AL,Quebrangulo,11305,-9.32001,-36.4692
2707701,27,AL,Rio Largo,97435,-9.47783,-35.8394
2707800,27,AL,Roteiro,6607,-9.83503,-35.9782
2707909,27,AL,Santa Luzia do Norte,7065,-9.6037,-35.8232
2708006,27,AL,Santana do Ipanema,47397,-9.36999,-37.248
2708105,27,AL,Santana do Mundaú,11568,-9.17141,-36.2176
2708204,27,AL,São Brás,6557,-10.1141,-36.8522
2708303,27,AL,São José da Laje,21193,-9.01278,-36.0515
2708402,27,AL,São José da Tapera,31557,-9.55768,-37.3831
2708501,27,AL,São Luís do Quitunde,31792,-9.31816,-35.5606
2708600,27,AL,São Miguel dos Campos,53391,-9.78301,-36.0971
2708709,27,AL,São Miguel dos Milagres,8687,-9.26493,-35.3763
2708808,27,AL,São Sebastião,32701,-9.93043,-36.559
2708907,27,AL,Satuba,25000,-9.56911,-35.8227
2708956,27,AL,Senador Rui Palmeira,12549,-9.46986,-37.4576
2709004,27,AL,Tanque d'Arca,5909,-9.53379,-36.4366
2709103,27,AL,Taquarana,19422,-9.64529,-36.4928
2709152,27,AL,Teotônio Vilela,39161,-9.91656,-36.3492
2709202,27,AL,Traipu,24124,-9.96262,-37.0071
2709301,27,AL,União dos Palmares,60874,-9.15921,-36.0223
2709400,27,AL,Viçosa,24423,-9.36763,-36.2431
2800100,28,SE,Amparo do São Francisco,2206,-10.1348,-36.935
2800209,28,SE,Aquidabã,20542,-10.278,-37.0148
2800308,28,SE,Aracaju,628849,-10.9091,-37.0677
2800407,28,SE,Arauá,10483,-11.2614,-37.6201
2800506,28,SE,Areia Branca,18560,-10.758,-37.3251
2800605,28,SE,Barra dos Coqueiros,44384,-10.8996,-37.0323
2800670,28,SE,Boquim,25038,-11.1397,-37.6195
2800704,28,SE,Brejo Grande,8016,-10.4297,-36.4611
2801009,28,SE,Campo do Brito,18646,-10.7392,-37.4954
2801108,28,SE,Canhoba,3855,-10.1365,-36.9806
2801207,28,SE,Canindé de São Francisco,33491,-9.64882,-37.7923
2801306,28,SE,Capela,32716,-10.5069,-37.0628
2801405,28,SE,Carira,20315,-10.3524,-37.7002
2801504,28,SE,Carmópolis,14179,-10.6449,-36.9887
2801603,28,SE,Cedro de São João,5482,-10.2534,-36.8856
2801702,28,SE,Cristinápolis,17539,-11.4668,-37.7585
2801900,28,SE,Cumbe,3906,-10.352,-37.1846
2802007,28,SE,Divina Pastora,4433,-10.6782,-37.1506
2802106,28,SE,Estância,66978,-11.2659,-37.4484
2802205,28,SE,Feira Nova,6207,-10.2616,-37.3147
2802304,28,SE,Frei Paulo,14884,-10.5513,-37.5279
2802403,28,SE,Gararu,11301,-9.9722,-37.0869
2802502,28,SE,General Maynard,3111,-10.6835,-36.9838
2802601,28,SE,Gracho Cardoso,5979,-10.2252,-37.2006
2802700,28,SE,Ilha das Flores,8495,-10.4425,-36.5479
2802809,28,SE,Indiaroba,16949,-11.5157,-37.515
2802908,28,SE,Itabaiana,108408,-10.6826,-37.4273
2803005,28,SE,Itabaianinha,42114,-11.2693,-37.7875
2803104,28,SE,Itabi,4823,-10.1248,-37.1056
2803203,28,SE,Itaporanga d'Ajuda,35863,-10.99,-37.3078
2803302,28,SE,Japaratuba,16472,-10.5849,-36.9418
2803401,28,SE,Japoatã,13707,-10.3477,-36.8045
2803500,28,SE,Lagarto,105558,-10.9136,-37.6689
2803609,28,SE,Laranjeiras,24170,-10.7981,-37.1731
2803708,28,SE,Macambira,7024,-10.6619,-37.5413
2803807,28,SE,Malhada dos Bois,3666,-10.3418,-36.9252
2803906,28,SE,Malhador,11728,-10.6649,-37.3004
2804003,28,SE,Maruim,15975,-10.7308,-37.0856
2804102,28,SE,Moita Bonita,11288,-10.5769,-37.3512
2804201,28,SE,Monte Alegre de Sergipe,14732,-10.0256,-37.5616
2804300,28,SE,Muribeca,8033,-10.4271,-36.9588
2804409,28,SE,Neópolis,16558,-10.3215,-36.585
2804458,28,SE,Nossa Senhora Aparecida,9496,-10.3944,-37.4517
2804508,28,SE,Nossa Senhora da Glória,43255,-10.2158,-37.4211
2804607,28,SE,Nossa Senhora das Dores,25537,-10.4854,-37.1963
2804706,28,SE,Nossa Senhora de Lourdes,6404,-10.0772,-37.0615
2804805,28,SE,Nossa Senhora do Socorro,202450,-10.8468,-37.1231
2804904,28,SE,Pacatuba,12709,-10.4538,-36.6531
2805000,28,SE,Pedra Mole,2818,-10.6134,-37.6922
2805109,28,SE,Pedrinhas,7416,-11.1902,-37.6775
2805208,28,SE,Pinhão,5769,-10.5677,-37.7242
2805307,28,SE,Pirambu,8037,-10.7215,-36.8544
2805406,28,SE,Poço Redondo,29117,-9.80616,-37.6833
2805505,28,SE,Poço Verde,22214,-10.7151,-38.1813
2805604,28,SE,Porto da Folha,27350,-9.91626,-37.2842
2805703,28,SE,Propriá,27273,-10.2138,-36.8442
2805802,28,SE,Riachão do Dantas,18579,-11.0729,-37.731
2805901,28,SE,Riachuelo,8875,-10.735,-37.1966
2806008,28,SE,Ribeirópolis,17362,-10.5357,-37.438
2806107,28,SE,Rosário do Catete,9499,-10.6904,-37.0357
2806206,28,SE,Salgado,20772,-11.0288,-37.4804
2806305,28,SE,Santa Luzia do Itanhy,13965,-11.3536,-37.4586
2806404,28,SE,Santana do São Francisco,7530,-10.2922,-36.6105
2806503,28,SE,Santa Rosa de Lima,4038,-10.6434,-37.1931
2806602,28,SE,Santo Amaro das Brotas,11297,-10.7892,-37.0564
2806701,28,SE,São Cristóvão,100360,-11.0084,-37.2044
2806800,28,SE,São Domingos,10550,-10.7916,-37.5685
2806909,28,SE,São Francisco,3323,-10.3442,-36.8869
2807006,28,SE,São Miguel do Aleixo,3481,-10.3847,-37.3836
2807105,28,SE,Simão Dias,44285,-10.7387,-37.8097
2807204,28,SE,Siriri,7984,-10.5965,-37.1131
2807303,28,SE,Telha,3373,-10.2064,-36.8818
2807402,28,SE,Tobias Barreto,52613,-11.1798,-37.9995
2807501,28,SE,Tomar do Geru,12145,-11.3694,-37.8433
2807600,28,SE,Umbaúba,24538,-11.3809,-37.6623
2900108,29,BA,Abaíra,7452,-13.2488,-41.6619
2900207,29,BA,Abaré,18240,-8.72073,-39.1162
2900306,29,BA,Acajutiba,14215,-11.6575,-38.0197
2900355,29,BA,Adustina,14554,-10.5437,-38.1113
2900405,29,BA,Água Fria,14871,-11.8618,-38.7639
2900504,29,BA,Érico Cardoso,10948,-13.4215,-42.1352
2900603,29,BA,Aiquara,4586,-14.1269,-39.8937
2900702,29,BA,Alagoinhas,160662,-12.1335,-38.4208
2900801,29,BA,Alcobaça,25494,-17.5195,-39.2036
2900900,29,BA,Almadina,5327,-14.7089,-39.6415
2901007,29,BA,Amargosa,38478,-13.0215,-39.602
2901106,29,BA,Amélia Rodrigues,24848,-12.3914,-38.7563
2901155,29,BA,América Dourada,15583,-11.4429,-41.439
2901205,29,BA,Anagé,26715,-14.6151,-41.1356
2901304,29,BA,Andaraí,13531,-12.8049,-41.3297
2901353,29,BA,Andorinha,15485,-10.3482,-39.8391
2901403,29,BA,Angical,14178,-12.0063,-44.7003
2901502,29,BA,Anguera,11456,-12.1462,-39.2462
2901601,29,BA,Antas,15061,-10.3856,-38.3401
2901700,29,BA,Antônio Cardoso,11501,-12.4335,-39.1176
2901809,29,BA,Antônio Gonçalves,11236,-10.5767,-40.2785
2901908,29,BA,Aporá,16379,-11.6577,-38.0814
2901957,29,BA,Apuarema,7114,-13.8542,-39.7501
2902005,29,BA,Aracatu,14422,-14.428,-41.4648
2902054,29,BA,Araçás,11946,-12.22,-38.2027
2902104,29,BA,Araci,50336,-11.3253,-38.9584
2902203,29,BA,Aramari,10122,-12.0884,-38.4969
2902252,29,BA,Arataca,10463,-15.2651,-39.419
2902302,29,BA,Aratuípe,8981,-13.0716,-39.0038
2902401,29,BA,Aurelino Leal,11409,-14.321,-39.329
2902500,29,BA,Baianópolis,14110,-12.3016,-44.5388
2902609,29,BA,Baixa Grande,18680,-11.9519,-40.169
2902658,29,BA,Banzaê,12309,-10.5788,-38.6212
2902708,29,BA,Barra,53528,-11.0859,-43.1459
2902807,29,BA,Barra da Estiva,27582,-13.6237,-41.3347
2902906,29,BA,Barra do Choça,38481,-14.8654,-40.5791
2903003,29,BA,Barra do Mendes,14345,-11.81,-42.059
2903102,29,BA,Barra do Rocha,5920,-14.2,-39.5991
2903201,29,BA,Barreiras,170667,-12.1439,-44.9968
2903235,29,BA,Barro Alto,13911,-11.7605,-41.9054
2903276,29,BA,Barrocas,15743,-11.5272,-39.0776
2903300,29,BA,Barro Preto,5966,-14.7948,-39.476
2903409,29,BA,Belmonte,20567,-15.8608,-38.8758
2903508,29,BA,Belo Campo,19042,-15.0334,-41.2652
2903607,29,BA,Biritinga,15606,-11.6072,-38.8051
2903706,29,BA,Boa Nova,14052,-14.3598,-40.2064
2903805,29,BA,Boa Vista do Tupim,17307,-12.6498,-40.6064
2903904,29,BA,Bom Jesus da Lapa,68704,-13.2506,-43.4108
2903953,29,BA,Bom Jesus da Serra,10028,-14.3663,-40.5126
2904001,29,BA,Boninal,14104,-12.7069,-41.8286
2904050,29,BA,Bonito,16393,-11.9668,-41.2647
2904100,29,BA,Boquira,19829,-12.8205,-42.7324
2904209,29,BA,Botuporã,11411,-13.3772,-42.5163
2904308,29,BA,Brejões,13272,-13.1039,-39.7988
2904407,29,BA,Brejolândia,9377,-12.4815,-43.9679
2904506,29,BA,Brotas de Macaúbas,12169,-11.9915,-42.6326
2904605,29,BA,Brumado,74095,-14.2021,-41.6696
2904704,29,BA,Buerarema,15056,-14.9595,-39.3028
2904753,29,BA,Buritirama,20212,-10.7171,-43.6302
2904803,29,BA,Caatiba,6224,-14.9699,-40.4092
2904852,29,BA,Cabaceiras do Paraguaçu,17039,-12.5317,-39.1902
2904902,29,BA,Cachoeira,30550,-12.5994,-38.9587
2905008,29,BA,Caculé,23246,-14.5003,-42.2229
2905107,29,BA,Caém,10729,-11.0677,-40.432
2905156,29,BA,Caetanos,11500,-14.3347,-40.9175
2905206,29,BA,Caetité,54572,-14.0684,-42.4861
2905305,29,BA,Cafarnaum,18039,-11.6914,-41.4688
2905404,29,BA,Cairu,18486,-13.4904,-39.0465
2905503,29,BA,Caldeirão Grande,13566,-11.0208,-40.2956
2905602,29,BA,Camacan,22756,-15.4142,-39.4919
2905701,29,BA,Camaçari,319394,-12.6996,-38.3263
2905800,29,BA,Camamu,31775,-13.9398,-39.1071
2905909,29,BA,Campo Alegre de Lourdes,32377,-9.52221,-43.0126
2906006,29,BA,Campo Formoso,74894,-10.5105,-40.32
2906105,29,BA,Canápolis,10612,-13.0725,-44.201
2906204,29,BA,Canarana,24989,-11.6858,-41.7677
2906303,29,BA,Canavieiras,34343,-15.6722,-38.9536
2906402,29,BA,Candeal,7969,-11.8049,-39.1203
2906501,29,BA,Candeias,75083,-12.6716,-38.5472
2906600,29,BA,Candiba,13425,-14.4097,-42.8667
2906709,29,BA,Cândido Sales,26465,-15.4993,-41.2414
2906808,29,BA,Cansanção,39556,-10.6647,-39.4944
2906824,29,BA,Canudos,16662,-9.90014,-39.1471
2906857,29,BA,Capela do Alto Alegre,11055,-11.6658,-39.8349
2906873,29,BA,Capim Grosso,35228,-11.3797,-40.0089
2906899,29,BA,Caraíbas,10260,-14.7177,-41.2603
2906907,29,BA,Caravelas,21229,-17.7268,-39.2597
2907004,29,BA,Cardeal da Silva,8634,-11.9472,-37.9469
2907103,29,BA,Carinhanha,30375,-14.2985,-43.7724
2907202,29,BA,Casa Nova,75815,-9.16408,-40.974
2907301,29,BA,Castro Alves,25471,-12.7579,-39.4248
2907400,29,BA,Catolândia,3560,-12.31,-44.8648
2907509,29,BA,Catu,50153,-12.3513,-38.3791
2907558,29,BA,Caturama,9115,-13.3239,-42.2904
2907608,29,BA,Central,16849,-11.1376,-42.1116
2907707,29,BA,Chorrochó,10929,-8.9695,-39.0979
2907806,29,BA,Cícero Dantas,32268,-10.5897,-38.3794
2907905,29,BA,Cipó,17836,-11.1032,-38.5179
2908002,29,BA,Coaraci,17663,-14.637,-39.5556
2908101,29,BA,Cocos,19817,-14.1814,-44.5352
2908200,29,BA,Conceição da Feira,21499,-12.5078,-38.9978
2908309,29,BA,Conceição do Almeida,16184,-12.7836,-39.1715
2908408,29,BA,Conceição do Coité,71316,-11.56,-39.2808
2908507,29,BA,Conceição do Jacuípe,37409,-12.3268,-38.7684
2908606,29,BA,Conde,24434,-11.8179,-37.6131
2908705,29,BA,Condeúba,17571,-14.9022,-41.9718
2908804,29,BA,Contendas do Sincorá,4490,-13.7537,-41.048
2908903,29,BA,Coração de Maria,28258,-12.2333,-38.7487
2909000,29,BA,Cordeiros,7763,-15.0356,-41.9308
2909109,29,BA,Coribe,14464,-13.8232,-44.4586
2909208,29,BA,Coronel João Sá,17593,-10.2847,-37.9198
2909307,29,BA,Correntina,34179,-13.3477,-44.6333
2909406,29,BA,Cotegipe,13472,-12.0228,-44.2566
2909505,29,BA,Cravolândia,4514,-13.3531,-39.8031
2909604,29,BA,Crisópolis,20343,-11.5059,-38.1515
2909703,29,BA,Cristópolis,14514,-12.2249,-44.4214
2909802,29,BA,Cruz das Almas,63203,-12.6675,-39.1008
2909901,29,BA,Curaçá,36021,-8.98458,-39.8997
2910008,29,BA,Dário Meira,11094,-14.4229,-39.9031
2910057,29,BA,Dias d'Ávila,75053,-12.6187,-38.2926
2910107,29,BA,Dom Basílio,12309,-13.7565,-41.7677
2910206,29,BA,Dom Macedo Costa,4588,-12.9016,-39.1923
2910305,29,BA,Elísio Medrado,8066,-12.9417,-39.5191
2910404,29,BA,Encruzilhada,19535,-15.5302,-40.9124
2910503,29,BA,Entre Rios,39902,-11.9392,-38.0871
2910602,29,BA,Esplanada,34146,-11.7942,-37.9432
2910701,29,BA,Euclides da Cunha,64547,-10.5078,-39.0153
2910727,29,BA,Eunápolis,120515,-16.3715,-39.5821
2910750,29,BA,Fátima,18469,-10.616,-38.2239
2910776,29,BA,Feira da Mata,5825,-14.2044,-44.2744
2910800,29,BA,Feira de Santana,657948,-12.2664,-38.9663
2910859,29,BA,Filadélfia,18573,-10.7405,-40.1437
2910909,29,BA,Firmino Alves,5006,-14.9823,-39.9269
2911006,29,BA,Floresta Azul,11442,-14.8629,-39.6579
2911105,29,BA,Formosa do Rio Preto,27421,-11.0328,-45.193
2911204,29,BA,Gandu,33938,-13.7441,-39.4747
2911253,29,BA,Gavião,4493,-11.4688,-39.7757
2911303,29,BA,Gentio do Ouro,11263,-11.4342,-42.5077
2911402,29,BA,Glória,16072,-9.34382,-38.2544
2911501,29,BA,Gongogi,5567,-14.3195,-39.469
2911600,29,BA,Governador Mangabeira,21314,-12.5994,-39.0412
2911659,29,BA,Guajeru,8225,-14.5467,-41.9381
2911709,29,BA,Guanambi,93065,-14.2231,-42.7799
2911808,29,BA,Guaratinga,19490,-16.5833,-39.7847
2911857,29,BA,Heliópolis,13074,-10.6825,-38.2907
2911907,29,BA,Iaçu,25333,-12.7666,-40.2056
2912004,29,BA,Ibiassucê,10754,-14.2711,-42.257
2912103,29,BA,Ibicaraí,22200,-14.8579,-39.5914
2912202,29,BA,Ibicoara,21690,-13.4059,-41.284
2912301,29,BA,Ibicuí,14306,-14.845,-39.9879
2912400,29,BA,Ibipeba,17128,-11.6438,-42.0195
2912509,29,BA,Ibipitanga,14316,-12.8804,-42.4856
2912608,29,BA,Ibiquera,3837,-12.6444,-40.9338
2912707,29,BA,Ibirapitanga,26794,-14.1649,-39.3787
2912806,29,BA,Ibirapuã,9259,-17.6832,-40.1129
2912905,29,BA,Ibirataia,19375,-14.0643,-39.6459
2913002,29,BA,Ibitiara,15062,-12.6502,-42.2179
2913101,29,BA,Ibititá,17509,-11.5414,-41.9748
2913200,29,BA,Ibotirama,27670,-12.1779,-43.2167
2913309,29,BA,Ichu,6415,-11.7431,-39.1905
2913408,29,BA,Igaporã,16047,-13.774,-42.7155
2913457,29,BA,Igrapiúna,13528,-13.8295,-39.1361
2913507,29,BA,Iguaí,21897,-14.7528,-40.0894
2913606,29,BA,Ilhéus,189028,-14.793,-39.046
2913705,29,BA,Inhambupe,35397,-11.781,-38.355
2913804,29,BA,Ipecaetá,14064,-12.3028,-39.3069
2913903,29,BA,Ipiaú,42507,-14.1226,-39.7353
2914000,29,BA,Ipirá,59264,-12.1561,-39.7359
2914109,29,BA,Ipupiara,10318,-11.8219,-42.6179
2914208,29,BA,Irajuba,6255,-13.2563,-40.0848
2914307,29,BA,Iramaia,11060,-13.2902,-40.9595
2914406,29,BA,Iraquara,24759,-12.2429,-41.6155
2914505,29,BA,Irará,29509,-12.0504,-38.7631
2914604,29,BA,Irecê,78425,-11.3033,-41.8535
2914653,29,BA,Itabela,29563,-16.5732,-39.5593
2914703,29,BA,Itaberaba,68244,-12.5242,-40.3059
2914802,29,BA,Itabuna,196676,-14.7876,-39.2781
2914901,29,BA,Itacaré,29337,-14.2784,-38.9959
2915007,29,BA,Itaeté,13822,-12.9831,-40.9677
2915106,29,BA,Itagi,14314,-14.1615,-40.0131
2915205,29,BA,Itagibá,15792,-14.2782,-39.8449
2915304,29,BA,Itagimirim,6512,-16.0819,-39.6133
2915353,29,BA,Itaguaçu da Bahia,12683,-11.0147,-42.3997
2915403,29,BA,Itaju do Colônia,6157,-15.1366,-39.7283
2915502,29,BA,Itajuípe,19249,-14.6788,-39.3698
2915601,29,BA,Itamaraju,62065,-17.0378,-39.5386
2915700,29,BA,Itamari,7219,-13.7782,-39.683
2915809,29,BA,Itambé,25108,-15.2429,-40.63
2915908,29,BA,Itanagra,6087,-12.2614,-38.0436
2916005,29,BA,Itanhém,18258,-17.1642,-40.3321
2916104,29,BA,Itaparica,20369,-12.8932,-38.68
2916203,29,BA,Itapé,10658,-14.8876,-39.4239
2916302,29,BA,Itapebi,9501,-15.9551,-39.5329
2916401,29,BA,Itapetinga,68735,-15.2475,-40.2482
2916500,29,BA,Itapicuru,33254,-11.3088,-38.2262
2916609,29,BA,Itapitanga,10630,-14.4139,-39.5657
2916708,29,BA,Itaquara,8448,-13.4459,-39.9378
2916807,29,BA,Itarantim,17517,-15.6528,-40.065
2916856,29,BA,Itatim,16375,-12.7099,-39.6952
2916906,29,BA,Itiruçu,11261,-13.529,-40.1472
2917003,29,BA,Itiúba,35491,-10.6948,-39.8446
2917102,29,BA,Itororó,16945,-15.11,-40.0684
2917201,29,BA,Ituaçu,18493,-13.8107,-41.3003
2917300,29,BA,Ituberá,22299,-13.7249,-39.1481
2917334,29,BA,Iuiu,11532,-14.4054,-43.5595
2917359,29,BA,Jaborandi,9592,-13.6071,-44.4255
2917409,29,BA,Jacaraci,14901,-14.8541,-42.4329
2917508,29,BA,Jacobina,86649,-11.1812,-40.5117
2917607,29,BA,Jaguaquara,47738,-13.5248,-39.964
2917706,29,BA,Jaguarari,34440,-10.2569,-40.1999
2917805,29,BA,Jaguaripe,18300,-13.1109,-38.8939
2917904,29,BA,Jandaíra,9535,-11.5616,-37.7853
2918001,29,BA,Jequié,168733,-13.8509,-40.0877
2918100,29,BA,Jeremoabo,39501,-10.0685,-38.3471
2918209,29,BA,Jiquiriçá,14066,-13.2621,-39.5737
2918308,29,BA,Jitaúna,14815,-14.0131,-39.8969
2918357,29,BA,João Dourado,25799,-11.3486,-41.6548
2918407,29,BA,Juazeiro,254481,-9.41622,-40.5033
2918456,29,BA,Jucuruçu,9944,-16.8488,-40.1641
2918506,29,BA,Jussara,16956,-11.0431,-41.9702
2918555,29,BA,Jussari,6059,-15.192,-39.491
2918605,29,BA,Jussiape,7585,-13.5155,-41.5882
2918704,29,BA,Lafaiete Coutinho,4221,-13.6541,-40.2119
2918753,29,BA,Lagoa Real,14546,-14.0334,-42.1328
2918803,29,BA,Laje,21704,-13.1673,-39.4213
2918902,29,BA,Lajedão,3986,-17.6056,-40.3383
2919009,29,BA,Lajedinho,3621,-12.3529,-40.9048
2919058,29,BA,Lajedo do Tabocal,7702,-13.4663,-40.2204
2919108,29,BA,Lamarão,9305,-11.773,-38.887
2919157,29,BA,Lapão,26998,-11.3851,-41.8286
2919207,29,BA,Lauro de Freitas,217960,-12.8978,-38.321
2919306,29,BA,Lençóis,11170,-12.5616,-41.3928
2919405,29,BA,Licínio de Almeida,12208,-14.6842,-42.5095
2919504,29,BA,Livramento de Nossa Senhora,46249,-13.6369,-41.8432
2919553,29,BA,Luís Eduardo Magalhães,116662,-12.0956,-45.7866
2919603,29,BA,Macajuba,10758,-12.1326,-40.3571
2919702,29,BA,Macarani,22596,-15.5646,-40.4209
2919801,29,BA,Macaúbas,43725,-13.0186,-42.6945
2919900,29,BA,Macururé,7455,-9.16226,-39.0518
2919926,29,BA,Madre de Deus,19173,-12.7446,-38.6153
2919959,29,BA,Maetinga,7212,-14.6623,-41.4915
2920007,29,BA,Maiquinique,9011,-15.624,-40.2587
2920106,29,BA,Mairi,18161,-11.7107,-40.1437
2920205,29,BA,Malhada,15834,-14.3371,-43.7686
2920304,29,BA,Malhada de Pedras,8972,-14.3847,-41.8842
2920403,29,BA,Manoel Vitorino,14295,-14.1476,-40.2399
2920452,29,BA,Mansidão,14484,-10.7227,-44.0428
2920502,29,BA,Maracás,29197,-13.4355,-40.4323
2920601,29,BA,Maragogipe,37225,-12.776,-38.9175
2920700,29,BA,Maraú,25626,-14.1035,-39.0137
2920809,29,BA,Marcionílio Souza,9507,-13.0064,-40.5295
2920908,29,BA,Mascote,13941,-15.5542,-39.3016
2921005,29,BA,Mata de São João,44839,-12.5307,-38.3009
2921054,29,BA,Matina,10629,-13.9109,-42.8439
2921104,29,BA,Medeiros Neto,22925,-17.3707,-40.2238
2921203,29,BA,Miguel Calmon,25317,-11.4299,-40.6031
2921302,29,BA,Milagres,11434,-12.8646,-39.8611
2921401,29,BA,Mirangaba,16185,-10.961,-40.574
2921450,29,BA,Mirante,10523,-14.2385,-40.7718
2921500,29,BA,Monte Santo,49823,-10.4374,-39.3321
2921609,29,BA,Morpará,8232,-11.5569,-43.2766
2921708,29,BA,Morro do Chapéu,35224,-11.5488,-41.1565
2921807,29,BA,Mortugaba,11487,-15.0225,-42.3727
2921906,29,BA,Mucugê,12650,-13.0053,-41.3703
2922003,29,BA,Mucuri,40005,-18.0754,-39.5565
2922052,29,BA,Mulungu do Morro,13625,-11.9648,-41.6374
2922102,29,BA,Mundo Novo,17417,-11.8541,-40.4714
2922201,29,BA,Muniz Ferreira,7443,-13.0092,-39.1092
2922250,29,BA,Muquém do São Francisco,10796,-12.065,-43.5497
2922300,29,BA,Muritiba,30146,-12.6329,-38.9921
2922409,29,BA,Mutuípe,20612,-13.2284,-39.5044
2922508,29,BA,Nazaré,28403,-13.0235,-39.0108
2922607,29,BA,Nilo Peçanha,12418,-13.604,-39.1091
2922656,29,BA,Nordestina,19500,-10.8192,-39.4297
2922706,29,BA,Nova Canaã,14035,-14.7912,-40.1458
2922730,29,BA,Nova Fátima,8264,-11.6031,-39.6302
2922755,29,BA,Nova Ibiá,6701,-13.812,-39.6182
2922805,29,BA,Nova Itarana,8059,-13.0241,-40.0653
2922854,29,BA,Nova Redenção,7708,-12.815,-41.0748
2922904,29,BA,Nova Soure,24906,-11.2329,-38.4871
2923001,29,BA,Nova Viçosa,41551,-17.8926,-39.3743
2923035,29,BA,Novo Horizonte,11565,-12.8083,-42.1682
2923050,29,BA,Novo Triunfo,11197,-10.3182,-38.4014
2923100,29,BA,Olindina,23085,-11.3497,-38.3379
2923209,29,BA,Oliveira dos Brejinhos,21334,-12.3132,-42.8969
2923308,29,BA,Ouriçangas,7939,-12.0175,-38.6166
2923357,29,BA,Ourolândia,20037,-10.9578,-41.0756
2923407,29,BA,Palmas de Monte Alto,20677,-14.2676,-43.1609
2923506,29,BA,Palmeiras,10819,-12.5059,-41.5809
2923605,29,BA,Paramirim,21009,-13.4388,-42.2395
2923704,29,BA,Paratinga,30671,-12.687,-43.1798
2923803,29,BA,Paripiranga,27866,-10.6859,-37.8626
2923902,29,BA,Pau Brasil,9584,-15.4572,-39.6458
2924009,29,BA,Paulo Afonso,119128,-9.3983,-38.2216
2924058,29,BA,Pé de Serra,13675,-11.8313,-39.611
2924108,29,BA,Pedrão,6415,-12.1491,-38.6487
2924207,29,BA,Pedro Alexandre,14288,-10.012,-37.8932
2924306,29,BA,Piatã,20859,-13.1465,-41.7702
2924405,29,BA,Pilão Arcado,37272,-10.0051,-42.4936
2924504,29,BA,Pindaí,15146,-14.4921,-42.686
2924603,29,BA,Pindobaçu,19625,-10.7433,-40.3675
2924652,29,BA,Pintadas,10656,-11.8117,-39.9009
2924678,29,BA,Piraí do Norte,11429,-13.759,-39.3836
2924702,29,BA,Piripá,9255,-14.9444,-41.7168
2924801,29,BA,Piritiba,17838,-11.73,-40.5587
2924900,29,BA,Planaltino,8254,-13.2618,-40.3695
2925006,29,BA,Planalto,24036,-14.6654,-40.4718
2925105,29,BA,Poções,50642,-14.5234,-40.3634
2925204,29,BA,Pojuca,33608,-12.4303,-38.3374
2925253,29,BA,Ponto Novo,18670,-10.8653,-40.1311
2925303,29,BA,Porto Seguro,181007,-16.4435,-39.0643
2925402,29,BA,Potiraguá,10636,-15.5943,-39.8638
2925501,29,BA,Prado,37241,-17.3364,-39.2227
2925600,29,BA,Presidente Dutra,15650,-11.2923,-41.9843
2925709,29,BA,Presidente Jânio Quadros,12986,-14.6885,-41.6798
2925758,29,BA,Presidente Tancredo Neves,29343,-13.4471,-39.4203
2925808,29,BA,Queimadas,27362,-10.9736,-39.6293
2925907,29,BA,Quijingue,26457,-10.7505,-39.2137
2925931,29,BA,Quixabeira,9815,-11.4031,-40.12
2925956,29,BA,Rafael Jambeiro,20146,-12.4053,-39.5007
2926004,29,BA,Remanso,42746,-9.61944,-42.0848
2926103,29,BA,Retirolândia,14147,-11.4832,-39.4234
2926202,29,BA,Riachão das Neves,22323,-11.7508,-44.9143
2926301,29,BA,Riachão do Jacuípe,35118,-11.8067,-39.3818
2926400,29,BA,Riacho de Santana,32103,-13.6059,-42.9397
2926509,29,BA,Ribeira do Amparo,14525,-11.0421,-38.4242
2926608,29,BA,Ribeira do Pombal,56170,-10.8373,-38.5382
2926657,29,BA,Ribeirão do Largo,10039,-15.4508,-40.7441
2926707,29,BA,Rio de Contas,13627,-13.5852,-41.8048
2926806,29,BA,Rio do Antônio,13520,-14.4071,-42.0721
2926905,29,BA,Rio do Pires,10801,-13.1185,-42.2902
2927002,29,BA,Rio Real,36997,-11.4814,-37.9332
2927101,29,BA,Rodelas,10801,-8.85021,-38.78
2927200,29,BA,Ruy Barbosa,29606,-12.2816,-40.4931
2927309,29,BA,Salinas da Margarida,15568,-12.873,-38.7562
2927408,29,BA,Salvador,2568928,-12.9718,-38.5011
2927507,29,BA,Santa Bárbara,21723,-11.9515,-38.9681
2927606,29,BA,Santa Brígida,15421,-9.73227,-38.1209
2927705,29,BA,Santa Cruz Cabrália,30862,-16.2825,-39.0295
2927804,29,BA,Santa Cruz da Vitória,4721,-14.964,-39.8115
2927903,29,BA,Santa Inês,10628,-13.2793,-39.814
2928000,29,BA,Santaluz,39922,-11.2508,-39.375
2928059,29,BA,Santa Luzia,14377,-15.4342,-39.3287
2928109,29,BA,Santa Maria da Vitória,40467,-13.3859,-44.2011
2928208,29,BA,Santana,25520,-12.9792,-44.0506
2928307,29,BA,Santanópolis,9023,-12.0311,-38.8694
2928406,29,BA,Santa Rita de Cássia,28826,-11.0063,-44.5255
2928505,29,BA,Santa Terezinha,10847,-12.7697,-39.5215
2928604,29,BA,Santo Amaro,58413,-12.5472,-38.7137
2928703,29,BA,Santo Antônio de Jesus,109267,-12.9614,-39.2584
2928802,29,BA,Santo Estêvão,54940,-12.428,-39.2505
2928901,29,BA,São Desidério,34783,-12.3572,-44.9769
2928950,29,BA,São Domingos,8693,-11.4649,-39.5268
2929008,29,BA,São Félix,11198,-12.6104,-38.9727
2929057,29,BA,São Félix do Coribe,15740,-13.4019,-44.1837
2929107,29,BA,São Felipe,20918,-12.8394,-39.0893
2929206,29,BA,São Francisco do Conde,40932,-12.6183,-38.6786
2929255,29,BA,São Gabriel,19210,-11.2175,-41.8843
2929305,29,BA,São Gonçalo dos Campos,41909,-12.4331,-38.9663
2929354,29,BA,São José da Vitória,5451,-15.0787,-39.3437
2929370,29,BA,São José do Jacuípe,10556,-11.4137,-39.8669
2929404,29,BA,São Miguel das Matas,10634,-13.0434,-39.4578
2929503,29,BA,São Sebastião do Passé,42936,-12.5123,-38.4905
2929602,29,BA,Sapeaçu,18609,-12.7208,-39.1824
2929701,29,BA,Sátiro Dias,16485,-11.5929,-38.5938
2929750,29,BA,Saubara,11842,-12.7387,-38.7625
2929800,29,BA,Saúde,10715,-10.9428,-40.4155
2929909,29,BA,Seabra,48530,-12.4169,-41.7722
2930006,29,BA,Sebastião Laranjeiras,9610,-14.571,-42.9434
2930105,29,BA,Senhor do Bonfim,77976,-10.4594,-40.1865
2930154,29,BA,Serra do Ramalho,36119,-13.5659,-43.5929
2930204,29,BA,Sento Sé,40147,-9.74138,-41.8786
2930303,29,BA,Serra Dourada,17580,-12.759,-43.9504
2930402,29,BA,Serra Preta,18685,-12.156,-39.3305
2930501,29,BA,Serrinha,84428,-11.6584,-39.01
2930600,29,BA,Serrolândia,13831,-11.4085,-40.2983
2930709,29,BA,Simões Filho,120394,-12.7866,-38.4029
2930758,29,BA,Sítio do Mato,13935,-13.0801,-43.4689
2930766,29,BA,Sítio do Quinto,14359,-10.3545,-38.2213
2930774,29,BA,Sobradinho,26959,-9.45024,-40.8145
2930808,29,BA,Souto Soares,17674,-12.088,-41.6427
2930907,29,BA,Tabocas do Brejo Velho,12368,-12.7026,-44.0075
2931004,29,BA,Tanhaçu,21741,-14.0197,-41.2473
2931053,29,BA,Tanque Novo,17770,-13.5485,-42.4934
2931103,29,BA,Tanquinho,7983,-11.968,-39.1033
2931202,29,BA,Taperoá,18571,-13.5321,-39.1009
2931301,29,BA,Tapiramutá,16253,-11.8475,-40.7927
2931350,29,BA,Teixeira de Freitas,153332,-17.5399,-39.74
2931400,29,BA,Teodoro Sampaio,7301,-12.295,-38.6347
2931509,29,BA,Teofilândia,21827,-11.4827,-38.9913
2931608,29,BA,Teolândia,15919,-13.5896,-39.484
2931707,29,BA,Terra Nova,11035,-12.3888,-38.6238
2931806,29,BA,Tremedal,16691,-14.9736,-41.4142
2931905,29,BA,Tucano,50959,-10.9584,-38.7894
2932002,29,BA,Uauá,25441,-9.83325,-39.4794
2932101,29,BA,Ubaíra,19162,-13.2714,-39.666
2932200,29,BA,Ubaitaba,17967,-14.303,-39.3222
2932309,29,BA,Ubatã,16097,-14.2063,-39.5207
2932408,29,BA,Uibaí,13880,-11.3394,-42.1354
2932457,29,BA,Umburanas,13888,-10.7339,-41.3234
2932507,29,BA,Una,18403,-15.2791,-39.0765
2932606,29,BA,Urandi,15794,-14.7678,-42.6498
2932705,29,BA,Uruçuca,22130,-14.5963,-39.2851
2932804,29,BA,Utinga,16691,-12.0783,-41.0954
2932903,29,BA,Valença,90028,-13.3669,-39.073
2933000,29,BA,Valente,25126,-11.4062,-39.457
2933059,29,BA,Várzea da Roça,14279,-11.6005,-40.1328
2933109,29,BA,Várzea do Poço,8344,-11.5273,-40.3149
2933158,29,BA,Várzea Nova,13847,-11.2557,-40.9432
2933174,29,BA,Varzedo,10296,-12.9672,-39.3919
2933208,29,BA,Vera Cruz,44978,-12.9568,-38.6153
2933257,29,BA,Vereda,6171,-17.2183,-40.0974
2933307,29,BA,Vitória da Conquista,394024,-14.8615,-40.8442
2933406,29,BA,Wagner,9847,-12.2819,-41.1715
2933455,29,BA,Wanderley,13436,-12.1144,-43.8958
2933505,29,BA,Wenceslau Guimarães,25430,-13.6908,-39.4762
2933604,29,BA,Xique-Xique,46979,-10.823,-42.7245
3100104,31,MG,Abadia dos Dourados,6365,-18.4831,-47.3916
3100203,31,MG,Abaeté,23161,-19.1551,-45.4444
3100302,31,MG,Abre Campo,14312,-20.2996,-42.4743
3100401,31,MG,Acaiaca,3997,-20.359,-43.1439
3100500,31,MG,Açucena,8995,-19.0671,-42.5419
3100609,31,MG,Água Boa,12545,-17.9914,-42.3806
3100708,31,MG,Água Comprida,2165,-20.0576,-48.1069
3100807,31,MG,Aguanil,4490,-20.9439,-45.3915
3100906,31,MG,Águas Formosas,18841,-17.0802,-40.9384
3101003,31,MG,Águas Vermelhas,14486,-15.7431,-41.4571
3101102,31,MG,Aimorés,26165,-19.5007,-41.0746
3101201,31,MG,Aiuruoca,6382,-21.9736,-44.6042
3101300,31,MG,Alagoa,2816,-22.171,-44.6413
3101409,31,MG,Albertina,3023,-22.2018,-46.6139
3101508,31,MG,Além Paraíba,31333,-21.8797,-42.7176
3101607,31,MG,Alfenas,81950,-21.4256,-45.9477
3101631,31,MG,Alfredo Vasconcelos,7184,-21.1535,-43.7718
3101706,31,MG,Almenara,41894,-16.1785,-40.6942
3101805,31,MG,Alpercata,7029,-18.974,-41.97
3101904,31,MG,Alpinópolis,18672,-20.8631,-46.3878
3102001,31,MG,Alterosa,14253,-21.2488,-46.1387
3102050,31,MG,Alto Caparaó,5982,-20.431,-41.8738
3102100,31,MG,Alto Rio Doce,10994,-21.0281,-43.4067
3102209,31,MG,Alvarenga,4012,-19.4174,-41.7317
3102308,31,MG,Alvinópolis,15360,-20.1098,-43.0535
3102407,31,MG,Alvorada de Minas,4322,-18.7334,-43.3638
3102506,31,MG,Amparo do Serra,4595,-20.5051,-42.8009
3102605,31,MG,Andradas,42282,-22.0695,-46.5724
3102704,31,MG,Cachoeira de Pajeú,9333,-15.9688,-41.4948
3102803,31,MG,Andrelândia,12169,-21.7411,-44.3117
3102852,31,MG,Angelândia,7860,-17.7279,-42.2641
3102902,31,MG,Antônio Carlos,11345,-21.321,-43.7451
3103009,31,MG,Antônio Dias,9388,-19.6491,-42.8732
3103108,31,MG,Antônio Prado de Minas,1558,-21.0192,-42.1109
3103207,31,MG,Araçaí,2224,-19.1955,-44.2493
3103306,31,MG,Aracitaba,2095,-21.3446,-43.3736
3103405,31,MG,Araçuaí,35250,-16.8523,-42.0637
3103504,31,MG,Araguari,122874,-18.6456,-48.1934
3103603,31,MG,Arantina,2991,-21.9102,-44.2555
3103702,31,MG,Araponga,8218,-20.6686,-42.5178
3103751,31,MG,Araporã,8935,-18.4357,-49.1847
3103801,31,MG,Arapuá,2674,-19.0268,-46.1484
3103900,31,MG,Araújos,9556,-19.9405,-45.1671
3104007,31,MG,Araxá,117677,-19.5902,-46.9438
3104106,31,MG,Arceburgo,9348,-21.359,-46.9401
3104205,31,MG,Arcos,43348,-20.2863,-45.5373
3104304,31,MG,Areado,14212,-21.3572,-46.1421
3104403,31,MG,Argirita,2725,-21.6083,-42.8292
3104452,31,MG,Aricanduva,4820,-17.8666,-42.5533
3104502,31,MG,Arinos,17598,-15.9187,-46.1043
3104601,31,MG,Astolfo Dutra,14565,-21.3184,-42.8572
3104700,31,MG,Ataléia,13967,-18.0438,-41.1149
3104809,31,MG,Augusto de Lima,4593,-18.0997,-44.2655
3104908,31,MG,Baependi,18768,-21.957,-44.8874
3105004,31,MG,Baldim,7614,-19.2832,-43.9613
3105103,31,MG,Bambuí,24144,-20.0166,-45.9754
3105202,31,MG,Bandeira,4821,-15.8783,-40.5622
3105301,31,MG,Bandeira do Sul,6146,-21.7308,-46.3833
3105400,31,MG,Barão de Cocais,32095,-19.9389,-43.4755
3105509,31,MG,Barão de Monte Alto,4991,-21.2444,-42.2372
3105608,31,MG,Barbacena,129630,-21.2214,-43.7703
3105707,31,MG,Barra Longa,5740,-20.2869,-43.0402
3105905,31,MG,Barroso,20566,-21.1907,-43.972
3106002,31,MG,Bela Vista de Minas,10412,-19.8302,-43.0922
3106101,31,MG,Belmiro Braga,3299,-21.944,-43.4084
3106200,31,MG,Belo Horizonte,2416339,-19.9102,-43.9266
3106309,31,MG,Belo Oriente,24503,-19.2199,-42.4828
3106408,31,MG,Belo Vale,8946,-20.4077,-44.0275
3106507,31,MG,Berilo,9769,-16.9567,-42.4606
3106606,31,MG,Bertópolis,4546,-17.059,-40.58
3106655,31,MG,Berizal,4277,-15.61,-41.7432
3106705,31,MG,Betim,429236,-19.9668,-44.2008
3106804,31,MG,Bias Fortes,3388,-21.602,-43.7574
3106903,31,MG,Bicas,14331,-21.7232,-43.056
3107000,31,MG,Biquinhas,2409,-18.7754,-45.4974
3107109,31,MG,Boa Esperança,41332,-21.0927,-45.5612
3107208,31,MG,Bocaina de Minas,5508,-22.1697,-44.3972
3107307,31,MG,Bocaiúva,49668,-17.1135,-43.8104
3107406,31,MG,Bom Despacho,53995,-19.7386,-45.2622
3107505,31,MG,Bom Jardim de Minas,6968,-21.9479,-44.1885
3107604,31,MG,Bom Jesus da Penha,4642,-21.0148,-46.5174
3107703,31,MG,Bom Jesus do Amparo,5775,-19.7054,-43.4782
3107802,31,MG,Bom Jesus do Galho,14756,-19.836,-42.3165
3107901,31,MG,Bom Repouso,13183,-22.4675,-46.144
3108008,31,MG,Bom Sucesso,17510,-21.0329,-44.7537
3108107,31,MG,Bonfim,7672,-20.3302,-44.2366
3108206,31,MG,Bonfinópolis de Minas,5615,-16.568,-45.9839
3108255,31,MG,Bonito de Minas,10491,-15.3231,-44.7543
3108305,31,MG,Borda da Mata,17811,-22.2707,-46.1653
3108404,31,MG,Botelhos,15137,-21.6412,-46.391
3108503,31,MG,Botumirim,5841,-16.8657,-43.0086
3108552,31,MG,Brasilândia de Minas,15432,-16.9999,-46.0081
3108602,31,MG,Brasília de Minas,33188,-16.2104,-44.4299
3108701,31,MG,Brás Pires,4314,-20.8419,-43.2406
3108800,31,MG,Braúnas,4475,-19.0562,-42.7099
3108909,31,MG,Brazópolis,14506,-22.4743,-45.6166
3109006,31,MG,Brumadinho,40777,-20.151,-44.2007
3109105,31,MG,Bueno Brandão,11161,-22.4383,-46.3491
3109204,31,MG,Buenópolis,9229,-17.8744,-44.1775
3109253,31,MG,Bugre,4149,-19.4231,-42.2552
3109303,31,MG,Buritis,24693,-15.6218,-46.4221
3109402,31,MG,Buritizeiro,24068,-17.3656,-44.9606
3109451,31,MG,Cabeceira Grande,6797,-16.0335,-47.0862
3109501,31,MG,Cabo Verde,11396,-21.4699,-46.3919
3109600,31,MG,Cachoeira da Prata,3781,-19.521,-44.4544
3109709,31,MG,Cachoeira de Minas,12248,-22.3511,-45.7809
3109808,31,MG,Cachoeira Dourada,2346,-18.5161,-49.5039
3109907,31,MG,Caetanópolis,11832,-19.2971,-44.4189
3110004,31,MG,Caeté,39850,-19.8826,-43.6704
3110103,31,MG,Caiana,5463,-20.6956,-41.9292
3110202,31,MG,Cajuri,4186,-20.7903,-42.7925
3110301,31,MG,Caldas,14588,-21.9183,-46.3843
3110400,31,MG,Camacho,2867,-20.6294,-45.1593
3110509,31,MG,Camanducaia,27551,-22.7515,-46.1494
3110608,31,MG,Cambuí,30870,-22.6115,-46.0572
3110707,31,MG,Cambuquira,12560,-21.854,-45.2896
3110806,31,MG,Campanário,2917,-18.2427,-41.7355
3110905,31,MG,Campanha,16334,-21.836,-45.4004
3111002,31,MG,Campestre,21143,-21.7079,-46.2381
3111101,31,MG,Campina Verde,18250,-19.5382,-49.4862
3111150,31,MG,Campo Azul,3802,-16.5028,-44.8096
3111200,31,MG,Campo Belo,53943,-20.8932,-45.2699
3111309,31,MG,Campo do Meio,11624,-21.1127,-45.8273
3111408,31,MG,Campo Florido,8838,-19.7631,-48.5716
3111507,31,MG,Campos Altos,13136,-19.6914,-46.1725
3111606,31,MG,Campos Gerais,26809,-21.237,-45.7569
3111705,31,MG,Canaã,4832,-20.6869,-42.6167
3111804,31,MG,Canápolis,10755,-18.7212,-49.2035
3111903,31,MG,Cana Verde,5356,-21.0232,-45.1801
3112000,31,MG,Candeias,14236,-20.7692,-45.2765
3112059,31,MG,Cantagalo,4039,-18.5248,-42.6223
3112109,31,MG,Caparaó,5144,-20.5289,-41.9061
3112208,31,MG,Capela Nova,4416,-20.9179,-43.622
3112307,31,MG,Capelinha,41536,-17.6888,-42.5147
3112406,31,MG,Capetinga,6652,-20.6163,-47.0571
3112505,31,MG,Capim Branco,11105,-19.5471,-44.1304
3112604,31,MG,Capinópolis,14899,-18.6862,-49.5706
3112653,31,MG,Capitão Andrade,4650,-19.0748,-41.8614
3112703,31,MG,Capitão Enéas,14401,-16.3265,-43.7084
3112802,31,MG,Capitólio,10863,-20.6164,-46.0493
3112901,31,MG,Caputira,9128,-20.1703,-42.2683
3113008,31,MG,Caraí,19654,-17.1862,-41.7004
3113107,31,MG,Caranaíba,2960,-20.8707,-43.7417
3113206,31,MG,Carandaí,24368,-20.9566,-43.811
3113305,31,MG,Carangola,32165,-20.7343,-42.0313
3113404,31,MG,Caratinga,90687,-19.7868,-42.1292
3113503,31,MG,Carbonita,8633,-17.5255,-43.0137
3113602,31,MG,Careaçu,7029,-22.0424,-45.696
3113701,31,MG,Carlos Chagas,18852,-17.6973,-40.7723
3113800,31,MG,Carmésia,2682,-19.0877,-43.1382
3113909,31,MG,Carmo da Cachoeira,11776,-21.4633,-45.2201
3114006,31,MG,Carmo da Mata,11279,-20.5575,-44.8735
3114105,31,MG,Carmo de Minas,14114,-22.1204,-45.1307
3114204,31,MG,Carmo do Cajuru,24376,-20.1912,-44.7664
3114303,31,MG,Carmo do Paranaíba,29899,-18.991,-46.3167
3114402,31,MG,Carmo do Rio Claro,21464,-20.9736,-46.1149
3114501,31,MG,Carmópolis de Minas,18498,-20.5396,-44.6336
3114550,31,MG,Carneirinho,9630,-19.6987,-50.6894
3114600,31,MG,Carrancas,4153,-21.4898,-44.6446
3114709,31,MG,Carvalhópolis,3417,-21.7735,-45.8421
3114808,31,MG,Carvalhos,4507,-22.0,-44.4632
3114907,31,MG,Casa Grande,2260,-20.7925,-43.9343
3115003,31,MG,Cascalho Rico,2757,-18.5772,-47.8716
3115102,31,MG,Cássia,17495,-20.5831,-46.9201
3115201,31,MG,Conceição da Barra de Minas,3596,-21.1316,-44.4729
3115300,31,MG,Cataguases,67872,-21.3924,-42.6896
3115359,31,MG,Catas Altas,5668,-20.0734,-43.4061
3115409,31,MG,Catas Altas da Noruega,3141,-20.6901,-43.4939
3115458,31,MG,Catuji,7226,-17.3018,-41.5276
3115474,31,MG,Catuti,4805,-15.3616,-42.9627
3115508,31,MG,Caxambu,21436,-21.9753,-44.9319
3115607,31,MG,Cedro do Abaeté,1091,-19.1458,-45.712
3115706,31,MG,Central de Minas,6243,-18.7612,-41.3143
3115805,31,MG,Centralina,10440,-18.5852,-49.2014
3115904,31,MG,Chácara,3177,-21.6733,-43.215
3116001,31,MG,Chalé,6261,-20.0453,-41.6897
3116100,31,MG,Chapada do Norte,10024,-17.0881,-42.5392
3116159,31,MG,Chapada Gaúcha,12810,-15.3014,-45.6116
3116209,31,MG,Chiador,2865,-21.9996,-43.0617
3116308,31,MG,Cipotânea,5599,-20.9026,-43.3629
3116407,31,MG,Claraval,4777,-20.397,-47.2768
3116506,31,MG,Claro dos Poções,7259,-17.082,-44.2061
3116605,31,MG,Cláudio,31665,-20.4437,-44.7673
3116704,31,MG,Coimbra,7285,-20.8535,-42.8008
3116803,31,MG,Coluna,8251,-18.2311,-42.8352
3116902,31,MG,Comendador Gomes,2813,-19.6973,-49.0789
3117009,31,MG,Comercinho,6627,-16.2963,-41.7945
3117108,31,MG,Conceição da Aparecida,10668,-21.096,-46.2049
3117207,31,MG,Conceição das Pedras,2837,-22.1576,-45.4562
3117306,31,MG,Conceição das Alagoas,29949,-19.9172,-48.3839
3117405,31,MG,Conceição de Ipanema,4503,-19.9326,-41.6908
3117504,31,MG,Conceição do Mato Dentro,24254,-19.0344,-43.4221
3117603,31,MG,Conceição do Pará,5567,-19.7456,-44.8945
3117702,31,MG,Conceição do Rio Verde,12780,-21.8778,-45.087
3117801,31,MG,Conceição dos Ouros,11183,-22.4078,-45.7996
3117836,31,MG,Cônego Marinho,7420,-15.2892,-44.4181
3117876,31,MG,Confins,7676,-19.6282,-43.9931
3117900,31,MG,Congonhal,11403,-22.1488,-46.043
3118007,31,MG,Congonhas,54986,-20.4958,-43.851
3118106,31,MG,Congonhas do Norte,4927,-18.8021,-43.6767
3118205,31,MG,Conquista,6864,-19.9312,-47.5492
3118304,31,MG,Conselheiro Lafaiete,137980,-20.6634,-43.7846
3118403,31,MG,Conselheiro Pena,21113,-19.1789,-41.4736
3118502,31,MG,Consolação,1578,-22.5493,-45.9255
3118601,31,MG,Contagem,649975,-19.9321,-44.0539
3118700,31,MG,Coqueiral,9197,-21.1858,-45.4366
3118809,31,MG,Coração de Jesus,26151,-16.6841,-44.3635
3118908,31,MG,Cordisburgo,7592,-19.1224,-44.3224
3119005,31,MG,Cordislândia,3247,-21.7891,-45.6999
3119104,31,MG,Corinto,23996,-18.369,-44.4542
3119203,31,MG,Coroaci,11200,-18.6156,-42.2791
3119302,31,MG,Coromandel,30013,-18.4734,-47.1933
3119401,31,MG,Coronel Fabriciano,108551,-19.5179,-42.6276
3119500,31,MG,Coronel Murta,8283,-16.6148,-42.184
3119609,31,MG,Coronel Pacheco,2799,-21.5898,-43.256
3119708,31,MG,Coronel Xavier Chaves,3586,-21.0277,-44.2206
3119807,31,MG,Córrego Danta,2978,-19.8198,-45.9032
3119906,31,MG,Córrego do Bom Jesus,4429,-22.6269,-46.0241
3119955,31,MG,Córrego Fundo,6310,-20.4474,-45.5617
3120003,31,MG,Córrego Novo,2912,-19.8361,-42.3988
3120102,31,MG,Couto de Magalhães de Minas,4346,-18.0727,-43.4648
3120151,31,MG,Crisólita,5296,-17.2381,-40.9184
3120201,31,MG,Cristais,12576,-20.8733,-45.5167
3120300,31,MG,Cristália,5165,-16.716,-42.8571
3120409,31,MG,Cristiano Otoni,4735,-20.8324,-43.8166
3120508,31,MG,Cristina,10627,-22.208,-45.2673
3120607,31,MG,Crucilândia,5633,-20.3923,-44.3334
3120706,31,MG,Cruzeiro da Fortaleza,3610,-18.944,-46.6669
3120805,31,MG,Cruzília,15779,-21.84,-44.8067
3120839,31,MG,Cuparaque,3994,-18.9648,-41.0986
3120870,31,MG,Curral de Dentro,7630,-15.9327,-41.8557
3120904,31,MG,Curvelo,83862,-18.7527,-44.4303
3121001,31,MG,Datas,5618,-18.4478,-43.6591
3121100,31,MG,Delfim Moreira,8130,-22.5036,-45.2792
3121209,31,MG,Delfinópolis,8760,-20.3468,-46.8456
3121258,31,MG,Delta,11003,-19.9721,-47.7841
3121308,31,MG,Descoberto,5058,-21.46,-42.9618
3121407,31,MG,Desterro de Entre Rios,7900,-20.665,-44.3334
3121506,31,MG,Desterro do Melo,3059,-21.143,-43.5178
3121605,31,MG,Diamantina,49353,-18.2413,-43.6031
3121704,31,MG,Diogo de Vasconcelos,3596,-20.4879,-43.1953
3121803,31,MG,Dionísio,6789,-19.8433,-42.7701
3121902,31,MG,Divinésia,4426,-20.9917,-43.0003
3122009,31,MG,Divino,21329,-20.6134,-42.1438
3122108,31,MG,Divino das Laranjeiras,4186,-18.7755,-41.4781
3122207,31,MG,Divinolândia de Minas,6607,-18.8004,-42.6103
3122306,31,MG,Divinópolis,242328,-20.1446,-44.8912
3122355,31,MG,Divisa Alegre,6513,-15.7221,-41.3463
3122405,31,MG,Divisa Nova,5993,-21.5092,-46.1904
3122454,31,MG,Divisópolis,10585,-15.7254,-40.9997
3122470,31,MG,Dom Bosco,3767,-16.652,-46.2597
3122504,31,MG,Dom Cavati,4981,-19.3735,-42.1121
3122603,31,MG,Dom Joaquim,5051,-18.961,-43.2544
3122702,31,MG,Dom Silvério,5350,-20.1627,-42.9627
3122801,31,MG,Dom Viçoso,3176,-22.2511,-45.1643
3122900,31,MG,Dona Euzébia,6241,-21.319,-42.807
3123007,31,MG,Dores de Campos,10313,-21.1139,-44.0207
3123106,31,MG,Dores de Guanhães,5121,-19.0516,-42.9254
3123205,31,MG,Dores do Indaiá,12786,-19.4628,-45.5927
3123304,31,MG,Dores do Turvo,5159,-20.9785,-43.1834
3123403,31,MG,Doresópolis,1496,-20.2868,-45.9007
3123502,31,MG,Douradoquara,1869,-18.4338,-47.5993
3123528,31,MG,Durandé,8038,-20.2058,-41.7977
3123601,31,MG,Elói Mendes,27343,-21.6088,-45.5691
3123700,31,MG,Engenheiro Caldas,14308,-19.2065,-42.0503
3123809,31,MG,Engenheiro Navarro,6411,-17.2831,-43.947
3123858,31,MG,Entre Folhas,5293,-19.6218,-42.2306
3123908,31,MG,Entre Rios de Minas,15120,-20.6706,-44.0654
3124005,31,MG,Ervália,20951,-20.8403,-42.6544
3124104,31,MG,Esmeraldas,91573,-19.764,-44.3065
3124203,31,MG,Espera Feliz,24761,-20.6508,-41.9119
3124302,31,MG,Espinosa,31385,-14.9249,-42.809
3124401,31,MG,Espírito Santo do Dourado,7007,-22.0454,-45.9548
3124500,31,MG,Estiva,11836,-22.4577,-46.0191
3124609,31,MG,Estrela Dalva,2204,-21.7412,-42.4574
3124708,31,MG,Estrela do Indaiá,2750,-19.5169,-45.7859
3124807,31,MG,Estrela do Sul,6926,-18.7399,-47.6956
3124906,31,MG,Eugenópolis,11075,-21.1002,-42.1878
3125002,31,MG,Ewbank da Câmara,3977,-21.5498,-43.5068
3125101,31,MG,Extrema,57913,-22.854,-46.3178
3125200,31,MG,Fama,2662,-21.4089,-45.8286
3125309,31,MG,Faria Lemos,3239,-20.8097,-42.0213
3125408,31,MG,Felício dos Santos,5248,-18.0755,-43.2422
3125507,31,MG,São Gonçalo do Rio Preto,3098,-18.0025,-43.3854
3125606,31,MG,Felisburgo,6592,-16.6348,-40.7605
3125705,31,MG,Felixlândia,14279,-18.7507,-44.9004
3125804,31,MG,Fernandes Tourinho,2825,-19.1541,-42.0803
3125903,31,MG,Ferros,9666,-19.2343,-43.0192
3125952,31,MG,Fervedouro,10693,-20.726,-42.279
3126000,31,MG,Florestal,8386,-19.888,-44.4318
3126109,31,MG,Formiga,70668,-20.4618,-45.4268
3126208,31,MG,Formoso,8103,-14.9446,-46.2371
3126307,31,MG,Fortaleza de Minas,3485,-20.8508,-46.712
3126406,31,MG,Fortuna de Minas,3207,-19.5578,-44.4472
3126505,31,MG,Francisco Badaró,7208,-16.9883,-42.3568
3126604,31,MG,Francisco Dumont,4564,-17.3107,-44.2317
3126703,31,MG,Francisco Sá,23819,-16.4827,-43.4896
3126752,31,MG,Franciscópolis,5062,-17.9578,-42.0094
3126802,31,MG,Frei Gaspar,5741,-18.0709,-41.4325
3126901,31,MG,Frei Inocêncio,8334,-18.5556,-41.9121
3126950,31,MG,Frei Lagonegro,3475,-18.1751,-42.7617
3127008,31,MG,Fronteira,14909,-20.2748,-49.1984
3127057,31,MG,Fronteira dos Vales,4405,-16.8898,-40.923
3127073,31,MG,Fruta de Leite,4607,-16.1225,-42.5288
3127107,31,MG,Frutal,60942,-20.0259,-48.9355
3127206,31,MG,Funilândia,4886,-19.3661,-44.061
3127305,31,MG,Galiléia,6281,-19.0005,-41.5387
3127339,31,MG,Gameleiras,4863,-15.0829,-43.125
3127354,31,MG,Glaucilândia,2991,-16.8481,-43.692
3127370,31,MG,Goiabeira,2869,-18.9807,-41.2235
3127388,31,MG,Goianá,4190,-21.536,-43.1957
3127404,31,MG,Gonçalves,4891,-22.6545,-45.8556
3127503,31,MG,Gonzaga,5271,-18.8196,-42.4769
3127602,31,MG,Gouveia,11549,-18.4519,-43.7423
3127701,31,MG,Governador Valadares,266649,-18.8545,-41.9555
3127800,31,MG,Grão Mogol,14091,-16.5662,-42.8923
3127909,31,MG,Grupiara,1426,-18.5003,-47.7318
3128006,31,MG,Guanhães,33434,-18.7713,-42.9312
3128105,31,MG,Guapé,14073,-20.7631,-45.9152
3128204,31,MG,Guaraciaba,9921,-20.5716,-43.0094
3128253,31,MG,Guaraciama,5203,-17.0142,-43.6675
3128303,31,MG,Guaranésia,19611,-21.3009,-46.7964
3128402,31,MG,Guarani,7780,-21.3563,-43.0328
3128501,31,MG,Guarará,3132,-21.7304,-43.0334
3128600,31,MG,Guarda-Mor,6684,-17.7673,-47.0998
3128709,31,MG,Guaxupé,52621,-21.305,-46.7081
3128808,31,MG,Guidoval,7284,-21.155,-42.7887
3128907,31,MG,Guimarânia,8808,-18.8425,-46.7901
3129004,31,MG,Guiricema,7850,-21.0098,-42.7207
3129103,31,MG,Gurinhatã,5203,-19.2143,-49.7876
3129202,31,MG,Heliodora,6274,-22.0644,-45.5453
3129301,31,MG,Iapu,12486,-19.4387,-42.2147
3129400,31,MG,Ibertioga,5334,-21.433,-43.9639
3129509,31,MG,Ibiá,22596,-19.4749,-46.5474
3129608,31,MG,Ibiaí,6254,-16.8591,-44.9046
3129657,31,MG,Ibiracatu,5139,-15.6605,-44.1667
3129707,31,MG,Ibiraci,11057,-20.4611,-47.1222
3129806,31,MG,Ibirité,178713,-20.0252,-44.0569
3129905,31,MG,Ibitiúra de Minas,3439,-22.0604,-46.4368
3130002,31,MG,Ibituruna,2740,-21.1541,-44.7479
3130051,31,MG,Icaraí de Minas,10912,-16.214,-44.9034
3130101,31,MG,Igarapé,48475,-20.0707,-44.2994
3130200,31,MG,Igaratinga,11252,-19.9476,-44.7063
3130309,31,MG,Iguatama,6845,-20.1776,-45.7111
3130408,31,MG,Ijaci,7291,-21.1738,-44.9233
3130507,31,MG,Ilicínea,13171,-20.9402,-45.8308
3130556,31,MG,Imbé de Minas,7208,-19.6017,-41.9695
3130606,31,MG,Inconfidentes,7510,-22.3136,-46.3264
3130655,31,MG,Indaiabira,6379,-15.4911,-42.2005
3130705,31,MG,Indianópolis,6309,-19.0341,-47.9155
3130804,31,MG,Ingaí,2633,-21.4024,-44.9152
3130903,31,MG,Inhapim,23000,-19.5476,-42.1147
3131000,31,MG,Inhaúma,6435,-19.4898,-44.3934
3131109,31,MG,Inimutaba,7587,-18.7271,-44.3584
3131158,31,MG,Ipaba,17554,-19.4158,-42.4139
3131208,31,MG,Ipanema,20095,-19.7992,-41.7164
3131307,31,MG,Ipatinga,235445,-19.4703,-42.5476
3131406,31,MG,Ipiaçu,3823,-18.6927,-49.9436
3131505,31,MG,Ipuiúna,9299,-22.1013,-46.1915
3131604,31,MG,Iraí de Minas,7423,-18.9819,-47.461
3131703,31,MG,Itabira,117747,-19.6239,-43.2312
3131802,31,MG,Itabirinha,10560,-18.5712,-41.234
3131901,31,MG,Itabirito,55877,-20.2501,-43.8038
3132008,31,MG,Itacambira,4265,-17.0625,-43.3069
3132107,31,MG,Itacarambi,17521,-15.089,-44.095
3132206,31,MG,Itaguara,14325,-20.3947,-44.4875
3132305,31,MG,Itaipé,10549,-17.4014,-41.6697
3132404,31,MG,Itajubá,96632,-22.4225,-45.4598
3132503,31,MG,Itamarandiba,34137,-17.8552,-42.8561
3132602,31,MG,Itamarati de Minas,3730,-21.4179,-42.813
3132701,31,MG,Itambacuri,21296,-18.035,-41.683
3132800,31,MG,Itambé do Mato Dentro,2175,-19.4158,-43.3182
3132909,31,MG,Itamogi,11062,-21.0758,-47.046
3133006,31,MG,Itamonte,15193,-22.2859,-44.868
3133105,31,MG,Itanhandu,15684,-22.2942,-44.9382
3133204,31,MG,Itanhomi,11298,-19.1736,-41.863
3133303,31,MG,Itaobim,19354,-16.5571,-41.5017
3133402,31,MG,Itapagipe,14004,-19.9062,-49.3781
3133501,31,MG,Itapecerica,21462,-20.4704,-45.127
3133600,31,MG,Itapeva,13332,-22.7665,-46.2241
3133709,31,MG,Itatiaiuçu,13603,-20.1983,-44.4211
3133758,31,MG,Itaú de Minas,14655,-20.7375,-46.7525
3133808,31,MG,Itaúna,102500,-20.0818,-44.5801
3133907,31,MG,Itaverava,5752,-20.6769,-43.6141
3134004,31,MG,Itinga,13982,-16.61,-41.7672
3134103,31,MG,Itueta,6218,-19.3999,-41.1746
3134202,31,MG,Ituiutaba,106397,-18.9772,-49.4639
3134301,31,MG,Itumirim,6845,-21.3171,-44.8724
3134400,31,MG,Iturama,40011,-19.7276,-50.1966
3134509,31,MG,Itutinga,4347,-21.3,-44.6567
3134608,31,MG,Jaboticatubas,21214,-19.5119,-43.7373
3134707,31,MG,Jacinto,11169,-16.1428,-40.295
3134806,31,MG,Jacuí,7663,-21.0137,-46.7359
3134905,31,MG,Jacutinga,26705,-22.286,-46.6166
3135001,31,MG,Jaguaraçu,3173,-19.647,-42.7498
3135050,31,MG,Jaíba,39379,-15.3432,-43.6688
3135076,31,MG,Jampruca,4306,-18.461,-41.809
3135100,31,MG,Janaúba,73281,-15.8022,-43.3132
3135209,31,MG,Januária,67087,-15.4802,-44.3639
3135308,31,MG,Japaraíba,4672,-20.1442,-45.5015
3135357,31,MG,Japonvar,8357,-15.9891,-44.2758
3135407,31,MG,Jeceaba,6428,-20.5339,-43.9894
3135456,31,MG,Jenipapo de Minas,6124,-17.0831,-42.2589
3135506,31,MG,Jequeri,12652,-20.4542,-42.6651
3135605,31,MG,Jequitaí,6460,-17.229,-44.4376
3135704,31,MG,Jequitibá,6098,-19.2345,-44.0304
3135803,31,MG,Jequitinhonha,24509,-16.4375,-41.0117
3135902,31,MG,Jesuânia,5296,-21.9887,-45.2911
3136009,31,MG,Joaíma,14084,-16.6522,-41.0229
3136108,31,MG,Joanésia,4304,-19.1729,-42.6775
3136207,31,MG,João Monlevade,83360,-19.8126,-43.1735
3136306,31,MG,João Pinheiro,48532,-17.7398,-46.1715
3136405,31,MG,Joaquim Felício,3891,-17.758,-44.1643
3136504,31,MG,Jordânia,10536,-15.9009,-40.1841
3136520,31,MG,José Gonçalves de Minas,3993,-16.9053,-42.6014
3136553,31,MG,José Raydan,4352,-18.2195,-42.4946
3136579,31,MG,Josenópolis,3607,-16.5417,-42.5151
3136603,31,MG,Nova União,6083,-19.6876,-43.583
3136652,31,MG,Juatuba,32726,-19.9448,-44.3451
3136702,31,MG,Juiz de Fora,565764,-21.7595,-43.3398
3136801,31,MG,Juramento,3815,-16.8473,-43.5865
3136900,31,MG,Juruaia,11543,-21.2493,-46.5735
3136959,31,MG,Juvenília,5929,-14.2662,-44.1597
3137007,31,MG,Ladainha,14399,-17.6279,-41.7488
3137106,31,MG,Lagamar,6672,-18.1759,-46.8063
3137205,31,MG,Lagoa da Prata,53583,-20.0237,-45.5401
3137304,31,MG,Lagoa dos Patos,3285,-16.978,-44.5754
3137403,31,MG,Lagoa Dourada,13116,-20.9139,-44.0797
3137502,31,MG,Lagoa Formosa,19507,-18.7715,-46.4012
3137536,31,MG,Lagoa Grande,9210,-17.8323,-46.5165
3137601,31,MG,Lagoa Santa,79981,-19.6397,-43.8932
3137700,31,MG,Lajinha,21422,-20.1539,-41.6228
3137809,31,MG,Lambari,20950,-21.9671,-45.3498
3137908,31,MG,Lamim,3226,-20.79,-43.4706
3138005,31,MG,Laranjal,6042,-21.3715,-42.4732
3138104,31,MG,Lassance,7358,-17.887,-44.5735
3138203,31,MG,Lavras,109884,-21.248,-45.0009
3138302,31,MG,Leandro Ferreira,3270,-19.7193,-45.0279
3138351,31,MG,Leme do Prado,4387,-17.0793,-42.6936
3138401,31,MG,Leopoldina,52696,-21.5296,-42.6421
3138500,31,MG,Liberdade,4775,-22.0275,-44.3208
3138609,31,MG,Lima Duarte,17712,-21.8386,-43.7934
3138625,31,MG,Limeira do Oeste,9087,-19.5512,-50.5815
3138658,31,MG,Lontra,8968,-15.9013,-44.306
3138674,31,MG,Luisburgo,7195,-20.4468,-42.0976
3138682,31,MG,Luislândia,6329,-16.1095,-44.5886
3138708,31,MG,Luminárias,5731,-21.5145,-44.9034
3138807,31,MG,Luz,18304,-19.7911,-45.6794
3138906,31,MG,Machacalis,6579,-17.0723,-40.7245
3139003,31,MG,Machado,38831,-21.6778,-45.9219
3139102,31,MG,Madre de Deus de Minas,5341,-21.483,-44.3287
3139201,31,MG,Malacacheta,17751,-17.8456,-42.0769
3139250,31,MG,Mamonas,6096,-15.0479,-42.9469
3139300,31,MG,Manga,19188,-14.7529,-43.9391
3139409,31,MG,Manhuaçu,96545,-20.2572,-42.028
3139508,31,MG,Manhumirim,20970,-20.3591,-41.9589
3139607,31,MG,Mantena,27358,-18.7761,-40.9874
3139706,31,MG,Maravilhas,7518,-19.5076,-44.6779
3139805,31,MG,Mar de Espanha,13119,-21.8707,-43.0062
3139904,31,MG,Maria da Fé,14557,-22.3044,-45.3773
3140001,31,MG,Mariana,64058,-20.3765,-43.414
3140100,31,MG,Marilac,4320,-18.5079,-42.0822
3140159,31,MG,Mário Campos,16546,-20.0582,-44.1883
3140209,31,MG,Maripá de Minas,3532,-21.6979,-42.9546
3140308,31,MG,Marliéria,4761,-19.7096,-42.7327
3140407,31,MG,Marmelópolis,3299,-22.447,-45.1645
3140506,31,MG,Martinho Campos,14461,-19.3306,-45.2434
3140530,31,MG,Martins Soares,8725,-20.2546,-41.8786
3140555,31,MG,Mata Verde,9458,-15.6869,-40.7366
3140605,31,MG,Materlândia,3982,-18.4699,-43.0579
3140704,31,MG,Mateus Leme,40239,-19.9794,-44.4318
3140803,31,MG,Matias Barbosa,14501,-21.869,-43.3135
3140852,31,MG,Matias Cardoso,8975,-14.8563,-43.9146
3140902,31,MG,Matipó,19054,-20.2873,-42.3401
3141009,31,MG,Mato Verde,12238,-15.3944,-42.86
3141108,31,MG,Matozinhos,39291,-19.5543,-44.0868
3141207,31,MG,Matutina,3907,-19.2179,-45.9664
3141306,31,MG,Medeiros,4040,-19.9865,-46.2181
3141405,31,MG,Medina,20492,-16.2245,-41.4728
3141504,31,MG,Mendes Pimentel,5651,-18.6631,-41.4052
3141603,31,MG,Mercês,10609,-21.1976,-43.3337
3141702,31,MG,Mesquita,5038,-19.224,-42.6079
3141801,31,MG,Minas Novas,24191,-17.2156,-42.5884
3141900,31,MG,Minduri,3815,-21.6797,-44.6051
3142007,31,MG,Mirabela,14029,-16.256,-44.1602
3142106,31,MG,Miradouro,9026,-20.8899,-42.3458
3142205,31,MG,Miraí,13922,-21.2021,-42.6122
3142254,31,MG,Miravânia,4011,-14.7348,-44.4092
3142304,31,MG,Moeda,5291,-20.3399,-44.0509
3142403,31,MG,Moema,7778,-19.8387,-45.4127
3142502,31,MG,Monjolos,2196,-18.3245,-44.118
3142601,31,MG,Monsenhor Paulo,8550,-21.7579,-45.5391
3142700,31,MG,Montalvânia,14160,-14.4197,-44.3719
3142809,31,MG,Monte Alegre de Minas,20666,-18.869,-48.881
3142908,31,MG,Monte Azul,20577,-15.1514,-42.8718
3143005,31,MG,Monte Belo,13340,-21.3271,-46.3635
3143104,31,MG,Monte Carmelo,49354,-18.7302,-47.4912
3143153,31,MG,Monte Formoso,4449,-16.8691,-41.2473
3143203,31,MG,Monte Santo de Minas,21301,-21.1873,-46.9753
3143302,31,MG,Montes Claros,434321,-16.7282,-43.8578
3143401,31,MG,Monte Sião,24933,-22.4335,-46.573
3143450,31,MG,Montezuma,6979,-15.1702,-42.4941
3143500,31,MG,Morada Nova de Minas,9364,-18.5998,-45.3584
3143609,31,MG,Morro da Garça,2438,-18.5356,-44.601
3143708,31,MG,Morro do Pilar,3174,-19.2236,-43.3795
3143807,31,MG,Munhoz,7857,-22.6092,-46.362
3143906,31,MG,Muriaé,108161,-21.13,-42.3693
3144003,31,MG,Mutum,28670,-19.8121,-41.4407
3144102,31,MG,Muzambinho,22527,-21.3692,-46.5213
3144201,31,MG,Nacip Raydan,2437,-18.4544,-42.2481
3144300,31,MG,Nanuque,35554,-17.8481,-40.3533
3144359,31,MG,Naque,6442,-19.2291,-42.3312
3144375,31,MG,Natalândia,3626,-16.5021,-46.4874
3144409,31,MG,Natércia,4800,-22.1158,-45.5123
3144508,31,MG,Nazareno,8390,-21.2168,-44.6138
3144607,31,MG,Nepomuceno,25774,-21.2324,-45.235
3144656,31,MG,Ninheira,10915,-15.3148,-41.7564
3144672,31,MG,Nova Belém,3156,-18.4925,-41.1107
3144706,31,MG,Nova Era,17807,-19.7577,-43.0333
3144805,31,MG,Nova Lima,119142,-19.9758,-43.8509
3144904,31,MG,Nova Módica,3731,-18.4417,-41.4984
3145000,31,MG,Nova Ponte,15113,-19.1461,-47.6779
3145059,31,MG,Nova Porteirinha,6780,-15.7993,-43.2941
3145109,31,MG,Nova Resende,16854,-21.1286,-46.4157
3145208,31,MG,Nova Serrana,112910,-19.8713,-44.9847
3145307,31,MG,Novo Cruzeiro,27453,-17.4654,-41.8826
3145356,31,MG,Novo Oriente de Minas,10501,-17.4089,-41.2194
3145372,31,MG,Novorizonte,4630,-16.0162,-42.4044
3145406,31,MG,Olaria,1986,-21.8598,-43.9356
3145455,31,MG,Olhos-d'Água,5520,-17.3982,-43.5719
3145505,31,MG,Olímpio Noronha,2616,-22.0685,-45.2657
3145604,31,MG,Oliveira,40552,-20.6982,-44.829
3145703,31,MG,Oliveira Fortes,2062,-21.3401,-43.4499
3145802,31,MG,Onça de Pitangui,3027,-19.7276,-44.8058
3145851,31,MG,Oratórios,5076,-20.4298,-42.7977
3145877,31,MG,Orizânia,8759,-20.5142,-42.1991
3145901,31,MG,Ouro Branco,40411,-20.5263,-43.6962
3146008,31,MG,Ouro Fino,33227,-22.2779,-46.3716
3146107,31,MG,Ouro Preto,77601,-20.3796,-43.512
3146206,31,MG,Ouro Verde de Minas,5858,-18.0719,-41.2734
3146255,31,MG,Padre Carvalho,5085,-16.3646,-42.5088
3146305,31,MG,Padre Paraíso,17537,-17.0758,-41.4821
3146404,31,MG,Paineiras,4273,-18.8993,-45.5321
3146503,31,MG,Pains,8341,-20.3705,-45.6627
3146552,31,MG,Pai Pedro,5634,-15.5271,-43.07
3146602,31,MG,Paiva,1498,-21.2913,-43.4088
3146701,31,MG,Palma,5742,-21.3748,-42.3123
3146750,31,MG,Palmópolis,6373,-16.7364,-40.4296
3146909,31,MG,Papagaios,14207,-19.4419,-44.7468
3147006,31,MG,Paracatu,98397,-17.2252,-46.8711
3147105,31,MG,Pará de Minas,102033,-19.8534,-44.6114
3147204,31,MG,Paraguaçu,22357,-21.5465,-45.7374
3147303,31,MG,Paraisópolis,21005,-22.5539,-45.7803
3147402,31,MG,Paraopeba,24800,-19.2732,-44.4044
3147501,31,MG,Passabém,1617,-19.3509,-43.1383
3147600,31,MG,Passa Quatro,15842,-22.3871,-44.9709
3147709,31,MG,Passa Tempo,8696,-20.6539,-44.4926
3147808,31,MG,Passa Vinte,2301,-22.2097,-44.2344
3147907,31,MG,Passos,116530,-20.7193,-46.609
3147956,31,MG,Patis,4863,-16.0773,-44.0787
3148004,31,MG,Patos de Minas,167870,-18.5699,-46.5013
3148103,31,MG,Patrocínio,93852,-18.9379,-46.9934
3148202,31,MG,Patrocínio do Muriaé,5735,-21.1544,-42.2125
3148301,31,MG,Paula Cândido,8786,-20.8754,-42.9752
3148400,31,MG,Paulistas,4429,-18.4276,-42.8628
3148509,31,MG,Pavão,8168,-17.4267,-41.0035
3148608,31,MG,Peçanha,17843,-18.5441,-42.5583
3148707,31,MG,Pedra Azul,24999,-16.0086,-41.2909
3148756,31,MG,Pedra Bonita,7559,-20.5219,-42.3304
3148806,31,MG,Pedra do Anta,3371,-20.5968,-42.7123
3148905,31,MG,Pedra do Indaiá,4232,-20.2563,-45.2107
3149002,31,MG,Pedra Dourada,2883,-20.8266,-42.1515
3149101,31,MG,Pedralva,10924,-22.2386,-45.4654
3149150,31,MG,Pedras de Maria da Cruz,10619,-15.6032,-44.391
3149200,31,MG,Pedrinópolis,3404,-19.2241,-47.4579
3149309,31,MG,Pedro Leopoldo,64910,-19.6308,-44.0383
3149408,31,MG,Pedro Teixeira,1854,-21.7076,-43.743
3149507,31,MG,Pequeri,3448,-21.8341,-43.1145
3149606,31,MG,Pequi,4258,-19.6284,-44.6604
3149705,31,MG,Perdigão,12925,-19.9411,-45.078
3149804,31,MG,Perdizes,17830,-19.3434,-47.2963
3149903,31,MG,Perdões,21991,-21.0932,-45.0896
3149952,31,MG,Periquito,6647,-19.1573,-42.2333
3150000,31,MG,Pescador,3587,-18.357,-41.6006
3150109,31,MG,Piau,2854,-21.5096,-43.313
3150158,31,MG,Piedade de Caratinga,8883,-19.7593,-42.0756
3150208,31,MG,Piedade de Ponte Nova,4056,-20.2438,-42.7379
3150307,31,MG,Piedade do Rio Grande,4697,-21.469,-44.1938
3150406,31,MG,Piedade dos Gerais,5175,-20.4715,-44.2243
3150505,31,MG,Pimenta,8794,-20.4827,-45.8049
3150539,31,MG,Pingo-d'Água,4845,-19.7287,-42.4095
3150570,31,MG,Pintópolis,7231,-16.0572,-45.1402
3150604,31,MG,Piracema,6884,-20.5089,-44.4783
3150703,31,MG,Pirajuba,5762,-19.9092,-48.7027
3150802,31,MG,Piranga,17360,-20.6834,-43.2967
3150901,31,MG,Piranguçu,6271,-22.5249,-45.4945
3151008,31,MG,Piranguinho,9451,-22.395,-45.5324
3151107,31,MG,Pirapetinga,11408,-21.6554,-42.3434
3151206,31,MG,Pirapora,57543,-17.3392,-44.934
3151305,31,MG,Piraúba,11958,-21.2825,-43.0172
3151404,31,MG,Pitangui,27734,-19.6741,-44.8964
3151503,31,MG,Piumhi,37742,-20.4762,-45.9589
3151602,31,MG,Planura,11484,-20.1376,-48.7
3151701,31,MG,Poço Fundo,16791,-21.78,-45.9658
3151800,31,MG,Poços de Caldas,171533,-21.78,-46.5692
3151909,31,MG,Pocrane,8468,-19.6208,-41.6334
3152006,31,MG,Pompéu,32305,-19.2257,-45.0141
3152105,31,MG,Ponte Nova,59569,-20.4111,-42.8978
3152131,31,MG,Ponto Chique,3807,-16.6282,-45.0588
3152170,31,MG,Ponto dos Volantes,11077,-16.7473,-41.5025
3152204,31,MG,Porteirinha,38668,-15.7404,-43.0281
3152303,31,MG,Porto Firme,10825,-20.6642,-43.0834
3152402,31,MG,Poté,13751,-17.8077,-41.786
3152501,31,MG,Pouso Alegre,160751,-22.2266,-45.9389
3152600,31,MG,Pouso Alto,6755,-22.1964,-44.9748
3152709,31,MG,Prados,9327,-21.0597,-44.0778
3152808,31,MG,Prata,29578,-19.3086,-48.9276
3152907,31,MG,Pratápolis,8551,-20.7411,-46.8624
3153004,31,MG,Pratinha,3673,-19.739,-46.3755
3153103,31,MG,Presidente Bernardes,4883,-20.7656,-43.1895
3153202,31,MG,Presidente Juscelino,3493,-18.6401,-44.06
3153301,31,MG,Presidente Kubitschek,3154,-18.6193,-43.5628
3153400,31,MG,Presidente Olegário,19177,-18.4096,-46.4165
3153509,31,MG,Alto Jequitibá,8596,-20.4208,-41.967
3153608,31,MG,Prudente de Morais,11940,-19.4742,-44.1591
3153707,31,MG,Quartel Geral,3237,-19.2703,-45.5569
3153806,31,MG,Queluzito,1800,-20.7416,-43.8851
3153905,31,MG,Raposos,16735,-19.9636,-43.8079
3154002,31,MG,Raul Soares,23882,-20.1061,-42.4502
3154101,31,MG,Recreio,11337,-21.5289,-42.4676
3154150,31,MG,Reduto,8170,-20.2401,-41.9848
3154200,31,MG,Resende Costa,11520,-20.9171,-44.2407
3154309,31,MG,Resplendor,17612,-19.3194,-41.2462
3154408,31,MG,Ressaquinha,4641,-21.0642,-43.7598
3154457,31,MG,Riachinho,6890,-16.2258,-45.9888
3154507,31,MG,Riacho dos Machados,8886,-16.0091,-43.0488
3154606,31,MG,Ribeirão das Neves,344828,-19.7621,-44.0844
3154705,31,MG,Ribeirão Vermelho,4201,-21.1879,-45.0637
3154804,31,MG,Rio Acima,10626,-20.0876,-43.7878
3154903,31,MG,Rio Casca,12921,-20.2285,-42.6462
3155009,31,MG,Rio Doce,2542,-20.2412,-42.8995
3155108,31,MG,Rio do Prado,4679,-16.6056,-40.5714
3155207,31,MG,Rio Espera,5479,-20.855,-43.4721
3155306,31,MG,Rio Manso,5727,-20.2666,-44.3069
3155405,31,MG,Rio Novo,8689,-21.4649,-43.1168
3155504,31,MG,Rio Paranaíba,15143,-19.1861,-46.2455
3155603,31,MG,Rio Pardo de Minas,29123,-15.616,-42.5405
3155702,31,MG,Rio Piracicaba,15001,-19.9284,-43.1829
3155801,31,MG,Rio Pomba,17856,-21.2712,-43.1696
3155900,31,MG,Rio Preto,5240,-22.0861,-43.8293
3156007,31,MG,Rio Vermelho,12815,-18.2922,-43.0018
3156106,31,MG,Ritápolis,5115,-21.0276,-44.3204
3156205,31,MG,Rochedo de Minas,2363,-21.6284,-43.0165
3156304,31,MG,Rodeiro,9064,-21.2035,-42.8586
3156403,31,MG,Romaria,3440,-18.8838,-47.5782
3156452,31,MG,Rosário da Limeira,4896,-20.9812,-42.5112
3156502,31,MG,Rubelita,5572,-16.4053,-42.261
3156601,31,MG,Rubim,10575,-16.3775,-40.5397
3156700,31,MG,Sabará,134286,-19.884,-43.8263
3156809,31,MG,Sabinópolis,14382,-18.6653,-43.0752
3156908,31,MG,Sacramento,27891,-19.8622,-47.4508
3157005,31,MG,Salinas,41641,-16.1753,-42.2964
3157104,31,MG,Salto da Divisa,6164,-16.0063,-39.9391
3157203,31,MG,Santa Bárbara,31756,-19.9604,-43.4101
3157252,31,MG,Santa Bárbara do Leste,8737,-19.9753,-42.1457
3157278,31,MG,Santa Bárbara do Monte Verde,3199,-21.9592,-43.7027
3157302,31,MG,Santa Bárbara do Tugúrio,4262,-21.2431,-43.5607
3157336,31,MG,Santa Cruz de Minas,8321,-21.1241,-44.2202
3157377,31,MG,Santa Cruz de Salinas,3944,-16.0967,-41.7418
3157401,31,MG,Santa Cruz do Escalvado,4743,-20.2372,-42.8169
3157500,31,MG,Santa Efigênia de Minas,4067,-18.8235,-42.4388
3157609,31,MG,Santa Fé de Minas,3551,-16.6859,-45.4102
3157658,31,MG,Santa Helena de Minas,6059,-16.9707,-40.6727
3157708,31,MG,Santa Juliana,16568,-19.3108,-47.5322
3157807,31,MG,Santa Luzia,229483,-19.7548,-43.8497
3157906,31,MG,Santa Margarida,16903,-20.3839,-42.2519
3158003,31,MG,Santa Maria de Itabira,10716,-19.4431,-43.1064
3158102,31,MG,Santa Maria do Salto,4803,-16.2479,-40.1512
3158201,31,MG,Santa Maria do Suaçuí,12898,-18.1896,-42.4139
3158300,31,MG,Santana da Vargem,6781,-21.2449,-45.5005
3158409,31,MG,Santana de Cataguases,3553,-21.2893,-42.5524
3158508,31,MG,Santana de Pirapama,7079,-18.9962,-44.0409
3158607,31,MG,Santana do Deserto,3819,-21.9512,-43.1583
3158706,31,MG,Santana do Garambéu,2175,-21.5983,-44.105
3158805,31,MG,Santana do Jacaré,4265,-20.9007,-45.1285
3158904,31,MG,Santana do Manhuaçu,9236,-20.1031,-41.9278
3158953,31,MG,Santana do Paraíso,48286,-19.3661,-42.5446
3159001,31,MG,Santana do Riacho,5579,-19.1662,-43.722
3159100,31,MG,Santana dos Montes,3507,-20.7868,-43.6949
3159209,31,MG,Santa Rita de Caldas,8588,-22.0292,-46.3385
3159308,31,MG,Santa Rita de Jacutinga,4836,-22.1474,-44.0977
3159357,31,MG,Santa Rita de Minas,6952,-19.876,-42.1363
3159407,31,MG,Santa Rita de Ibitipoca,3344,-21.5658,-43.9163
3159506,31,MG,Santa Rita do Itueto,5973,-19.3576,-41.3821
3159605,31,MG,Santa Rita do Sapucaí,42320,-22.2461,-45.7034
3159704,31,MG,Santa Rosa da Serra,3476,-19.5186,-45.9611
3159803,31,MG,Santa Vitória,21745,-18.8414,-50.1208
3159902,31,MG,Santo Antônio do Amparo,17651,-20.943,-44.9176
3160009,31,MG,Santo Antônio do Aventureiro,3881,-21.7606,-42.8115
3160108,31,MG,Santo Antônio do Grama,4342,-20.3185,-42.6047
3160207,31,MG,Santo Antônio do Itambé,3979,-18.4609,-43.3006
3160306,31,MG,Santo Antônio do Jacinto,10397,-16.5332,-40.1817
3160405,31,MG,Santo Antônio do Monte,28358,-20.085,-45.2947
3160454,31,MG,Santo Antônio do Retiro,6743,-15.3393,-42.6171
3160504,31,MG,Santo Antônio do Rio Abaixo,1853,-19.2374,-43.2604
3160603,31,MG,Santo Hipólito,2720,-18.2968,-44.2229
3160702,31,MG,Santos Dumont,43392,-21.4634,-43.5499
3160801,31,MG,São Bento Abade,4835,-21.5839,-45.0699
3160900,31,MG,São Brás do Suaçuí,4133,-20.6242,-43.9515
3160959,31,MG,São Domingos das Dores,5778,-19.5246,-42.0106
3161007,31,MG,São Domingos do Prata,17771,-19.8678,-42.971
3161056,31,MG,São Félix de Minas,3252,-18.5959,-41.4889
3161106,31,MG,São Francisco,54239,-15.9514,-44.8593
3161205,31,MG,São Francisco de Paula,6293,-20.7036,-44.9838
3161304,31,MG,São Francisco de Sales,5857,-19.8611,-49.7727
3161403,31,MG,São Francisco do Glória,4866,-20.7923,-42.2673
3161502,31,MG,São Geraldo,10517,-20.9252,-42.8364
3161601,31,MG,São Geraldo da Piedade,3258,-18.8411,-42.2867
3161650,31,MG,São Geraldo do Baixio,3175,-18.9097,-41.363
3161700,31,MG,São Gonçalo do Abaeté,7521,-18.3315,-45.8265
3161809,31,MG,São Gonçalo do Pará,12192,-19.9822,-44.8593
3161908,31,MG,São Gonçalo do Rio Abaixo,12353,-19.8221,-43.366
3162005,31,MG,São Gonçalo do Sapucaí,24480,-21.8932,-45.5893
3162104,31,MG,São Gotardo,43309,-19.3087,-46.0465
3162203,31,MG,São João Batista do Glória,7912,-20.635,-46.508
3162252,31,MG,São João da Lagoa,4950,-16.8455,-44.3507
3162302,31,MG,São João da Mata,3000,-21.928,-45.9297
3162401,31,MG,São João da Ponte,24269,-15.9271,-44.0096
3162450,31,MG,São João das Missões,13467,-14.8859,-44.0922
3162500,31,MG,São João del Rei,94062,-21.1311,-44.2526
3162559,31,MG,São João do Manhuaçu,11614,-20.3933,-42.1533
3162575,31,MG,São João do Manteninha,5468,-18.723,-41.1628
3162609,31,MG,São João do Oriente,7139,-19.3384,-42.1575
3162658,31,MG,São João do Pacuí,4052,-16.5373,-44.5134
3162708,31,MG,São João do Paraíso,24604,-15.3168,-42.0213
3162807,31,MG,São João Evangelista,15617,-18.548,-42.7655
3162906,31,MG,São João Nepomuceno,26478,-21.5381,-43.0069
3162922,31,MG,São Joaquim de Bicas,36496,-20.048,-44.2749
3162948,31,MG,São José da Barra,8084,-20.7178,-46.313
3162955,31,MG,São José da Lapa,27710,-19.6971,-43.9586
3163003,31,MG,São José da Safira,3861,-18.3243,-42.1431
3163102,31,MG,São José da Varginha,4677,-19.7006,-44.556
3163201,31,MG,São José do Alegre,4242,-22.3243,-45.5258
3163300,31,MG,São José do Divino,3501,-18.4793,-41.3907
3163409,31,MG,São José do Goiabal,5492,-19.9214,-42.7035
3163508,31,MG,São José do Jacuri,6298,-18.281,-42.6729
3163607,31,MG,São José do Mantimento,2834,-20.0058,-41.7486
3163706,31,MG,São Lourenço,46653,-22.1166,-45.0506
3163805,31,MG,São Miguel do Anta,6430,-20.7067,-42.7174
3163904,31,MG,São Pedro da União,4979,-21.131,-46.6123
3164001,31,MG,São Pedro dos Ferros,7194,-20.1732,-42.5251
3164100,31,MG,São Pedro do Suaçuí,5166,-18.3609,-42.5981
3164209,31,MG,São Romão,10553,-16.3641,-45.0749
3164308,31,MG,São Roque de Minas,7341,-20.249,-46.3639
3164407,31,MG,São Sebastião da Bela Vista,6694,-22.1583,-45.7546
3164431,31,MG,São Sebastião da Vargem Alegre,3219,-19.7477,-43.3679
3164472,31,MG,São Sebastião do Anta,6386,-19.5064,-41.985
3164506,31,MG,São Sebastião do Maranhão,10244,-18.0873,-42.5659
3164605,31,MG,São Sebastião do Oeste,9355,-20.2758,-45.0063
3164704,31,MG,São Sebastião do Paraíso,74742,-20.9167,-46.9837
3164803,31,MG,São Sebastião do Rio Preto,1248,-19.2959,-43.1757
3164902,31,MG,São Sebastião do Rio Verde,2373,-22.2183,-44.9761
3165008,31,MG,São Tiago,11517,-20.9075,-44.5098
3165107,31,MG,São Tomás de Aquino,6853,-20.7791,-47.0962
3165206,31,MG,São Tomé das Letras,7089,-21.7218,-44.9849
3165305,31,MG,São Vicente de Minas,6935,-21.7042,-44.4431
3165404,31,MG,Sapucaí-Mirim,6462,-22.7409,-45.738
3165503,31,MG,Sardoá,5164,-18.7828,-42.3629
3165537,31,MG,Sarzedo,39327,-20.0367,-44.1446
3165552,31,MG,Setubinha,10032,-17.6002,-42.1587
3165560,31,MG,Sem-Peixe,2441,-20.1008,-42.8483
3165578,31,MG,Senador Amaral,6458,-22.5869,-46.1763
3165602,31,MG,Senador Cortes,2319,-21.7986,-42.9424
3165701,31,MG,Senador Firmino,7945,-20.9158,-43.0904
3165800,31,MG,Senador José Bento,2137,-22.1633,-46.1792
3165909,31,MG,Senador Modestino Gonçalves,4035,-17.9465,-43.2172
3166006,31,MG,Senhora de Oliveira,5584,-20.7972,-43.3394
3166105,31,MG,Senhora do Porto,3088,-18.8909,-43.0799
3166204,31,MG,Senhora dos Remédios,10640,-21.0351,-43.5812
3166303,31,MG,Sericita,7536,-20.4748,-42.4828
3166402,31,MG,Seritinga,1864,-21.9134,-44.518
3166501,31,MG,Serra Azul de Minas,3829,-18.3602,-43.1675
3166600,31,MG,Serra da Saudade,854,-19.4447,-45.795
3166709,31,MG,Serra dos Aimorés,6936,-17.7872,-40.2453
3166808,31,MG,Serra do Salitre,12210,-19.1083,-46.6961
3166907,31,MG,Serrania,7802,-21.5441,-46.0417
3166956,31,MG,Serranópolis de Minas,4496,-15.8176,-42.8732
3167004,31,MG,Serranos,2035,-21.8857,-44.5125
3167103,31,MG,Serro,22550,-18.5991,-43.3744
3167202,31,MG,Sete Lagoas,237931,-19.4569,-44.2413
3167301,31,MG,Silveirânia,2391,-21.1615,-43.2128
3167400,31,MG,Silvianópolis,6336,-22.0274,-45.8385
3167509,31,MG,Simão Pereira,3060,-21.964,-43.3088
3167608,31,MG,Simonésia,20339,-20.1341,-42.0091
3167707,31,MG,Sobrália,5175,-19.2345,-42.0998
3167806,31,MG,Soledade de Minas,5733,-22.0554,-45.0464
3167905,31,MG,Tabuleiro,4098,-21.3632,-43.2381
3168002,31,MG,Taiobeiras,34392,-15.8106,-42.2259
3168051,31,MG,Taparuba,3492,-19.7621,-41.608
3168101,31,MG,Tapira,4212,-19.9166,-46.8264
3168200,31,MG,Tapiraí,1707,-19.8936,-46.0221
3168309,31,MG,Taquaraçu de Minas,4368,-19.6652,-43.6922
3168408,31,MG,Tarumirim,15072,-19.2835,-42.0097
3168507,31,MG,Teixeiras,12634,-20.6561,-42.8564
3168606,31,MG,Teófilo Otoni,142571,-17.8595,-41.5087
3168705,31,MG,Timóteo,84087,-19.5811,-42.6471
3168804,31,MG,Tiradentes,8008,-21.1102,-44.1744
3168903,31,MG,Tiros,8172,-19.0037,-45.9626
3169000,31,MG,Tocantins,16574,-21.1774,-43.0127
3169059,31,MG,Tocos do Moji,3899,-22.3698,-46.0971
3169109,31,MG,Toledo,7541,-22.7421,-46.3728
3169208,31,MG,Tombos,8699,-20.9086,-42.0228
3169307,31,MG,Três Corações,78079,-21.6921,-45.2511
3169356,31,MG,Três Marias,29927,-18.2048,-45.2473
3169406,31,MG,Três Pontas,57086,-21.3694,-45.5109
3169505,31,MG,Tumiritinga,5973,-18.9844,-41.6527
3169604,31,MG,Tupaciguara,26482,-18.5866,-48.6985
3169703,31,MG,Turmalina,20650,-17.2828,-42.7285
3169802,31,MG,Turvolândia,5078,-21.8733,-45.7859
3169901,31,MG,Ubá,107222,-21.1204,-42.9359
3170008,31,MG,Ubaí,11977,-16.2885,-44.7783
3170057,31,MG,Ubaporanga,13423,-19.6351,-42.1059
3170107,31,MG,Uberaba,354142,-19.7472,-47.9381
3170206,31,MG,Uberlândia,754954,-18.9141,-48.2749
3170305,31,MG,Umburatiba,2742,-17.2548,-40.5779
3170404,31,MG,Unaí,90724,-16.3592,-46.9022
3170438,31,MG,União de Minas,3848,-19.5299,-50.338
3170479,31,MG,Uruana de Minas,3360,-16.0634,-46.2443
3170503,31,MG,Urucânia,10875,-20.3521,-42.737
3170529,31,MG,Urucuia,18291,-16.1244,-45.7352
3170578,31,MG,Vargem Alegre,5834,-19.5988,-42.2949
3170602,31,MG,Vargem Bonita,2206,-20.3333,-46.3688
3170651,31,MG,Vargem Grande do Rio Pardo,4727,-15.3987,-42.3085
3170701,31,MG,Varginha,142802,-21.5556,-45.4364
3170750,31,MG,Varjão de Minas,7243,-18.3741,-46.0313
3170800,31,MG,Várzea da Palma,34639,-17.5944,-44.7226
3170909,31,MG,Varzelândia,19214,-15.6992,-44.0278
3171006,31,MG,Vazante,20433,-17.9827,-46.9088
3171030,31,MG,Verdelândia,7770,-15.5845,-43.6121
3171071,31,MG,Veredinha,5257,-17.3974,-42.7307
3171105,31,MG,Veríssimo,3480,-19.6657,-48.3118
3171154,31,MG,Vermelho Novo,5034,-20.0406,-42.2688
3171204,31,MG,Vespasiano,136826,-19.6883,-43.9239
3171303,31,MG,Viçosa,79221,-20.7559,-42.8742
3171402,31,MG,Vieiras,3780,-20.867,-42.2401
3171501,31,MG,Mathias Lobato,3069,-18.59,-41.9166
3171600,31,MG,Virgem da Lapa,11867,-16.807,-42.3431
3171709,31,MG,Virgínia,9142,-22.3264,-45.0965
3171808,31,MG,Virginópolis,10519,-18.8154,-42.7015
3171907,31,MG,Virgolândia,4530,-18.4738,-42.3067
3172004,31,MG,Visconde do Rio Branco,40608,-21.0127,-42.8361
3172103,31,MG,Volta Grande,4473,-21.7671,-42.5375
3172202,31,MG,Wenceslau Braz,2387,-22.5368,-45.3626
3200102,32,ES,Afonso Cláudio,32446,-20.0778,-41.1261
3200136,32,ES,Águia Branca,10124,-18.9846,-40.7437
3200169,32,ES,Água Doce do Norte,12559,-18.5482,-40.9854
3200201,32,ES,Alegre,30744,-20.758,-41.5382
3200300,32,ES,Alfredo Chaves,14373,-20.6396,-40.7543
3200359,32,ES,Alto Rio Novo,7747,-19.0618,-41.0209
3200409,32,ES,Anchieta,32584,-20.7955,-40.6425
3200508,32,ES,Apiacá,7474,-21.1523,-41.5693
3200607,32,ES,Aracruz,102410,-19.82,-40.2764
3200706,32,ES,Atílio Vivácqua,11013,-20.913,-41.1986
3200805,32,ES,Baixo Guandu,32694,-19.5213,-41.0109
3200904,32,ES,Barra de São Francisco,45250,-18.7548,-40.8965
3201001,32,ES,Boa Esperança,14079,-18.5395,-40.3025
3201100,32,ES,Bom Jesus do Norte,10764,-21.1173,-41.6731
3201159,32,ES,Brejetuba,13642,-20.1395,-41.2954
3201209,32,ES,Cachoeiro de Itapemirim,198323,-20.8462,-41.1198
3201308,32,ES,Cariacica,375485,-20.2632,-40.4165
3201407,32,ES,Castelo,39396,-20.6033,-41.2031
3201506,32,ES,Colatina,128622,-19.5493,-40.6269
3201605,32,ES,Conceição da Barra,28953,-18.5883,-39.7362
3201704,32,ES,Conceição do Castelo,12448,-20.3639,-41.2417
3201803,32,ES,Divino de São Lourenço,5359,-20.6229,-41.6937
3201902,32,ES,Domingos Martins,37972,-20.3603,-40.6594
3202009,32,ES,Dores do Rio Preto,6885,-20.6931,-41.8405
3202108,32,ES,Ecoporanga,22670,-18.3702,-40.836
3202207,32,ES,Fundão,18824,-19.937,-40.4078
3202256,32,ES,Governador Lindenberg,11467,-19.1864,-40.4473
3202306,32,ES,Guaçuí,31290,-20.7668,-41.6734
3202405,32,ES,Guarapari,134944,-20.6772,-40.5093
3202454,32,ES,Ibatiba,27308,-20.2347,-41.5087
3202504,32,ES,Ibiraçu,12261,-19.8366,-40.3732
3202553,32,ES,Ibitirama,9973,-20.5466,-41.6667
3202603,32,ES,Iconha,12793,-20.7913,-40.8132
3202652,32,ES,Irupi,14513,-20.3501,-41.6444
3202702,32,ES,Itaguaçu,14065,-19.8018,-40.8601
3202801,32,ES,Itapemirim,43362,-21.0095,-40.8307
3202900,32,ES,Itarana,10984,-19.875,-40.8753
3203007,32,ES,Iúna,30444,-20.3531,-41.5334
3203056,32,ES,Jaguaré,31232,-18.907,-40.0759
3203106,32,ES,Jerônimo Monteiro,12079,-20.7994,-41.3948
3203130,32,ES,João Neiva,14391,-19.7577,-40.386
3203163,32,ES,Laranja da Terra,11572,-19.8994,-41.0621
3203205,32,ES,Linhares,181912,-19.3946,-40.0643
3203304,32,ES,Mantenópolis,13173,-18.8594,-41.124
3203320,32,ES,Marataízes,45418,-21.0398,-40.8384
3203346,32,ES,Marechal Floriano,18743,-20.4159,-40.67
3203353,32,ES,Marilândia,13014,-19.4114,-40.5456
3203403,32,ES,Mimoso do Sul,25179,-21.0628,-41.3615
3203502,32,ES,Montanha,19752,-18.1303,-40.3668
3203601,32,ES,Mucurici,5660,-18.0965,-40.52
3203700,32,ES,Muniz Freire,18811,-20.4652,-41.4156
3203809,32,ES,Muqui,14213,-20.9509,-41.346
3203908,32,ES,Nova Venécia,52084,-18.715,-40.4053
3204005,32,ES,Pancas,19270,-19.2229,-40.8534
3204054,32,ES,Pedro Canário,22048,-18.3004,-39.9574
3204104,32,ES,Pinheiros,24825,-18.4141,-40.2171
3204203,32,ES,Piúma,23682,-20.8334,-40.7268
3204252,32,ES,Ponto Belo,6696,-18.1253,-40.5458
3204302,32,ES,Presidente Kennedy,14647,-21.0964,-41.0468
3204351,32,ES,Rio Bananal,20229,-19.2719,-40.3366
3204401,32,ES,Rio Novo do Sul,11479,-20.8556,-40.9388
3204500,32,ES,Santa Leopoldina,13747,-20.0999,-40.527
3204559,32,ES,Santa Maria de Jetibá,45062,-20.0253,-40.7439
3204609,32,ES,Santa Teresa,23796,-19.9363,-40.5979
3204658,32,ES,São Domingos do Norte,9008,-19.1452,-40.6281
3204708,32,ES,São Gabriel da Palha,34210,-19.0182,-40.5365
3204807,32,ES,São José do Calçado,11373,-21.0274,-41.6636
3204906,32,ES,São Mateus,133359,-18.7214,-39.8579
3204955,32,ES,São Roque do Canaã,11271,-19.7411,-40.6526
3205002,32,ES,Serra,572274,-20.121,-40.3074
3205010,32,ES,Sooretama,28453,-19.1897,-40.0974
3205036,32,ES,Vargem Alta,20353,-20.669,-41.0179
3205069,32,ES,Venda Nova do Imigrante,25168,-20.327,-41.1355
3205101,32,ES,Viana,78442,-20.3825,-40.4933
3205150,32,ES,Vila Pavão,9298,-18.6091,-40.609
3205176,32,ES,Vila Valério,14263,-18.9958,-40.3849
3205200,32,ES,Vila Velha,502899,-20.3417,-40.2875
3205309,32,ES,Vitória,342800,-20.3155,-40.3128
3300100,33,RJ,Angra dos Reis,179120,-23.0011,-44.3196
3300159,33,RJ,Aperibé,11420,-21.6252,-42.1017
3300209,33,RJ,Araruama,137773,-22.8697,-42.3326
3300225,33,RJ,Areal,12236,-22.2283,-43.1118
3300233,33,RJ,Armação dos Búzios,42442,-22.7528,-41.8846
3300258,33,RJ,Arraial do Cabo,32794,-22.9774,-42.0267
3300308,33,RJ,Barra do Piraí,98501,-22.4715,-43.8269
3300407,33,RJ,Barra Mansa,181688,-22.5481,-44.1752
3300456,33,RJ,Belford Roxo,518263,-22.764,-43.3992
3300506,33,RJ,Bom Jardim,29736,-22.1545,-42.4251
3300605,33,RJ,Bom Jesus do Itabapoana,37172,-21.1449,-41.6822
3300704,33,RJ,Cabo Frio,238166,-22.8894,-42.0286
3300803,33,RJ,Cachoeiras de Macacu,59837,-22.4658,-42.6523
3300902,33,RJ,Cambuci,15070,-21.5691,-41.9187
3300936,33,RJ,Carapebus,14325,-22.1821,-41.663
3300951,33,RJ,Comendador Levy Gasparian,9044,-22.0404,-43.214
3301009,33,RJ,Campos dos Goytacazes,519011,-21.7622,-41.3181
3301108,33,RJ,Cantagalo,19996,-21.9797,-42.3664
3301157,33,RJ,Cardoso Moreira,13403,-21.4846,-41.6165
3301207,33,RJ,Carmo,17740,-21.931,-42.6046
3301306,33,RJ,Casimiro de Abreu,48563,-22.4812,-42.2066
3301405,33,RJ,Conceição de Macabu,21769,-22.0834,-41.8719
3301504,33,RJ,Cordeiro,21444,-22.0267,-42.3648
3301603,33,RJ,Duas Barras,11354,-22.0536,-42.5232
3301702,33,RJ,Duque de Caxias,866347,-22.7858,-43.3049
3301801,33,RJ,Engenheiro Paulo de Frontin,12648,-22.5498,-43.6827
3301850,33,RJ,Guapimirim,54300,-22.5347,-42.9895
3301876,33,RJ,Iguaba Grande,29577,-22.8495,-42.2299
3301900,33,RJ,Itaboraí,240040,-22.7565,-42.8639
3302007,33,RJ,Itaguaí,123980,-22.8636,-43.7798
3302056,33,RJ,Italva,14517,-21.4296,-41.7014
3302106,33,RJ,Itaocara,23643,-21.6748,-42.0758
3302205,33,RJ,Itaperuna,107246,-21.1997,-41.8799
3302254,33,RJ,Itatiaia,32694,-22.4897,-44.5675
3302270,33,RJ,Japeri,102149,-22.6435,-43.6602
3302304,33,RJ,Laje do Muriaé,7584,-21.2091,-42.1271
3302403,33,RJ,Macaé,264138,-22.3768,-41.7848
3302452,33,RJ,Macuco,5601,-21.9813,-42.2533
3302502,33,RJ,Magé,244092,-22.6632,-43.0315
3302601,33,RJ,Mangaratiba,43624,-22.9594,-44.0409
3302700,33,RJ,Maricá,211986,-22.9354,-42.8246
3302809,33,RJ,Mendes,18049,-22.5245,-43.7312
3302858,33,RJ,Mesquita,178803,-22.8028,-43.4601
3302908,33,RJ,Miguel Pereira,28123,-22.4572,-43.4803
3303005,33,RJ,Miracema,28411,-21.4148,-42.1938
3303104,33,RJ,Natividade,15550,-21.039,-41.9697
3303203,33,RJ,Nilópolis,155544,-22.8057,-43.4233
3303302,33,RJ,Niterói,516720,-22.8832,-43.1034
3303401,33,RJ,Nova Friburgo,203328,-22.2932,-42.5377
3303500,33,RJ,Nova Iguaçu,843046,-22.7556,-43.4603
3303609,33,RJ,Paracambi,43656,-22.6078,-43.7108
3303708,33,RJ,Paraíba do Sul,44467,-22.1585,-43.304
3303807,33,RJ,Paraty,47614,-23.2221,-44.7175
3303856,33,RJ,Paty do Alferes,31345,-22.4309,-43.4285
3303906,33,RJ,Petrópolis,294983,-22.52,-43.1926
3303955,33,RJ,Pinheiral,25085,-22.5172,-44.0022
3304003,33,RJ,Piraí,29054,-22.6215,-43.9081
3304102,33,RJ,Porciúncula,17832,-20.9632,-42.0465
3304110,33,RJ,Porto Real,21064,-22.4175,-44.2952
3304128,33,RJ,Quatis,14158,-22.4045,-44.2597
3304144,33,RJ,Queimados,149093,-22.7102,-43.5518
3304151,33,RJ,Quissamã,23126,-22.1031,-41.4693
3304201,33,RJ,Resende,137612,-22.4705,-44.4509
3304300,33,RJ,Rio Bonito,59113,-22.7181,-42.6276
3304409,33,RJ,Rio Claro,17950,-22.72,-44.1419
3304508,33,RJ,Rio das Flores,9264,-22.1692,-43.5856
3304524,33,RJ,Rio das Ostras,168099,-22.5174,-41.9475
3304557,33,RJ,Rio de Janeiro,6729894,-22.9129,-43.2003
3304607,33,RJ,Santa Maria Madalena,10579,-21.9547,-42.0098
3304706,33,RJ,Santo Antônio de Pádua,43686,-21.541,-42.1832
3304755,33,RJ,São Francisco de Itabapoana,47368,-21.4702,-41.1091
3304805,33,RJ,São Fidélis,41197,-21.6551,-41.756
3304904,33,RJ,São Gonçalo,960652,-22.8268,-43.0634
3305000,33,RJ,São João da Barra,38708,-21.638,-41.0446
3305109,33,RJ,São João de Meriti,466536,-22.8058,-43.3729
3305133,33,RJ,São José de Ubá,7315,-21.3661,-41.9511
3305158,33,RJ,São José do Vale do Rio Preto,22799,-22.1525,-42.9327
3305208,33,RJ,São Pedro da Aldeia,110556,-22.8429,-42.1026
3305307,33,RJ,São Sebastião do Alto,7999,-21.9578,-42.1328
3305406,33,RJ,Sapucaia,18289,-21.9949,-42.9142
3305505,33,RJ,Saquarema,95201,-22.9292,-42.5099
3305554,33,RJ,Seropédica,84737,-22.7526,-43.7155
3305604,33,RJ,Silva Jardim,22026,-22.6574,-42.3961
3305703,33,RJ,Sumidouro,15690,-22.0485,-42.6761
3305752,33,RJ,Tanguá,32858,-22.7423,-42.7202
3305802,33,RJ,Teresópolis,176692,-22.4165,-42.9752
3305901,33,RJ,Trajano de Moraes,10652,-22.0638,-42.0643
3306008,33,RJ,Três Rios,82300,-22.1165,-43.2185
3306107,33,RJ,Valença,71462,-22.2445,-43.7129
3306156,33,RJ,Varre-Sai,10559,-20.9276,-41.8701
3306206,33,RJ,Vassouras,35904,-22.4059,-43.6686
3306305,33,RJ,Volta Redonda,279898,-22.5202,-44.0996
3500105,35,SP,Adamantina,35642,-21.682,-51.0737
3500204,35,SP,Adolfo,4478,-21.2325,-49.6451
3500303,35,SP,Aguaí,32888,-22.0572,-46.9735
3500402,35,SP,Águas da Prata,7470,-21.9319,-46.7176
3500501,35,SP,Águas de Lindóia,18245,-22.4733,-46.6314
3500550,35,SP,Águas de Santa Bárbara,7407,-22.8812,-49.2421
3500600,35,SP,Águas de São Pedro,2829,-22.5977,-47.8734
3500709,35,SP,Agudos,38879,-22.4694,-48.9863
3500758,35,SP,Alambari,6330,-23.5503,-47.898
3500808,35,SP,Alfredo Marcondes,4556,-21.9527,-51.414
3500907,35,SP,Altair,3479,-20.5242,-49.0571
3501004,35,SP,Altinópolis,17156,-21.0214,-47.3712
3501103,35,SP,Alto Alegre,3883,-21.5811,-50.168
3501152,35,SP,Alumínio,17591,-23.5306,-47.2546
3501202,35,SP,Álvares Florence,3978,-20.3203,-49.9141
3501301,35,SP,Álvares Machado,28250,-22.0764,-51.4722
3501400,35,SP,Álvaro de Carvalho,4896,-22.0841,-49.719
3501509,35,SP,Alvinlândia,2923,-22.4435,-49.7623
3501608,35,SP,Americana,246655,-22.7374,-47.3331
3501707,35,SP,Américo Brasiliense,33757,-21.7288,-48.1147
3501806,35,SP,Américo de Campos,5975,-20.2985,-49.7359
3501905,35,SP,Amparo,69717,-22.7088,-46.772
3502002,35,SP,Analândia,4684,-22.1289,-47.6619
3502101,35,SP,Andradina,61473,-20.8948,-51.3786
3502200,35,SP,Angatuba,24512,-23.4917,-48.4139
3502309,35,SP,Anhembi,5766,-22.793,-48.1336
3502408,35,SP,Anhumas,4108,-22.2934,-51.3895
3502507,35,SP,Aparecida,33223,-22.8495,-45.2325
3502606,35,SP,Aparecida d'Oeste,4124,-20.4487,-50.8835
3502705,35,SP,Apiaí,24886,-24.5108,-48.8443
3502754,35,SP,Araçariguama,22168,-23.4366,-47.0608
3502804,35,SP,Araçatuba,207775,-21.2076,-50.4401
3502903,35,SP,Araçoiaba da Serra,33656,-23.5029,-47.6166
3503000,35,SP,Aramina,5526,-20.0882,-47.7873
3503109,35,SP,Arandu,7050,-23.1386,-49.0487
3503158,35,SP,Arapeí,2355,-22.6717,-44.4441
3503208,35,SP,Araraquara,252318,-21.7845,-48.178
3503307,35,SP,Araras,135331,-22.3572,-47.3842
3503356,35,SP,Arco-Íris,2085,-21.7728,-50.466
3503406,35,SP,Arealva,8280,-22.031,-48.9135
3503505,35,SP,Areias,3625,-22.5786,-44.6992
3503604,35,SP,Areiópolis,10257,-22.6672,-48.6681
3503703,35,SP,Ariranha,7653,-21.1872,-48.7904
3503802,35,SP,Artur Nogueira,53157,-22.5727,-47.1727
3503901,35,SP,Arujá,89943,-23.3965,-46.32
3503950,35,SP,Aspásia,1873,-20.16,-50.728
3504008,35,SP,Assis,104642,-22.66,-50.4183
3504107,35,SP,Atibaia,166043,-23.1171,-46.5563
3504206,35,SP,Auriflama,13873,-20.6836,-50.5572
3504305,35,SP,Avaí,4519,-22.1514,-49.3356
3504404,35,SP,Avanhandava,11438,-21.4584,-49.9509
3504503,35,SP,Avaré,96098,-23.1067,-48.9251
3504602,35,SP,Bady Bassitt,28909,-20.9197,-49.4385
3504701,35,SP,Balbinos,3963,-21.8963,-49.3619
3504800,35,SP,Bálsamo,9854,-20.7348,-49.5865
3504909,35,SP,Bananal,10109,-22.6819,-44.3281
3505005,35,SP,Barão de Antonina,3618,-23.6284,-49.5634
3505104,35,SP,Barbosa,5659,-21.2657,-49.9518
3505203,35,SP,Bariri,32405,-22.073,-48.7438
3505302,35,SP,Barra Bonita,35159,-22.4909,-48.5583
3505351,35,SP,Barra do Chapéu,5256,-24.4722,-49.0238
3505401,35,SP,Barra do Turvo,6922,-24.759,-48.5013
3505500,35,SP,Barretos,126600,-20.5531,-48.5698
3505609,35,SP,Barrinha,33181,-21.1864,-48.1636
3505708,35,SP,Barueri,330339,-23.5057,-46.879
3505807,35,SP,Bastos,21900,-21.921,-50.7357
3505906,35,SP,Batatais,59873,-20.8929,-47.5921
3506003,35,SP,Bauru,391740,-22.3246,-49.0871
3506102,35,SP,Bebedouro,78210,-20.9491,-48.4791
3506201,35,SP,Bento de Abreu,2642,-21.2686,-50.814
3506300,35,SP,Bernardino de Campos,11852,-23.0164,-49.4679
3506359,35,SP,Bertioga,66873,-23.8486,-46.1396
3506409,35,SP,Bilac,7455,-21.404,-50.4746
3506508,35,SP,Birigui,122988,-21.291,-50.3432
3506607,35,SP,Biritiba Mirim,30526,-23.5698,-46.0407
3506706,35,SP,Boa Esperança do Sul,13135,-21.9918,-48.3906
3506805,35,SP,Bocaina,11467,-22.1365,-48.523
3506904,35,SP,Bofete,10688,-23.1055,-48.2582
3507001,35,SP,Boituva,63415,-23.2855,-47.6786
3507100,35,SP,Bom Jesus dos Perdões,22501,-23.1356,-46.4675
3507159,35,SP,Bom Sucesso de Itararé,3610,-24.3155,-49.1451
3507209,35,SP,Borá,928,-22.2696,-50.5409
3507308,35,SP,Boracéia,4823,-22.1926,-48.7808
3507407,35,SP,Borborema,14415,-21.6214,-49.0741
3507456,35,SP,Borebi,2787,-22.5728,-48.9707
3507506,35,SP,Botucatu,150442,-22.8837,-48.4437
3507605,35,SP,Bragança Paulista,184634,-22.9527,-46.5419
3507704,35,SP,Braúna,5466,-21.499,-50.3175
3507753,35,SP,Brejo Alegre,2605,-21.1651,-50.1861
3507803,35,SP,Brodowski,26167,-20.9845,-47.6572
3507902,35,SP,Brotas,24423,-22.2795,-48.1251
3508009,35,SP,Buri,20674,-23.7977,-48.5958
3508108,35,SP,Buritama,17597,-21.0661,-50.1475
3508207,35,SP,Buritizal,4447,-20.1911,-47.7096
3508306,35,SP,Cabrália Paulista,4362,-22.4576,-49.3393
3508405,35,SP,Cabreúva,48473,-23.3053,-47.1362
3508504,35,SP,Caçapava,99678,-23.0992,-45.7076
3508603,35,SP,Cachoeira Paulista,32482,-22.6665,-45.0154
3508702,35,SP,Caconde,17266,-21.528,-46.6437
3508801,35,SP,Cafelândia,16905,-21.8031,-49.6092
3508900,35,SP,Caiabu,3745,-22.0127,-51.2394
3509007,35,SP,Caieiras,98257,-23.3607,-46.7397
3509106,35,SP,Caiuá,5585,-21.8322,-51.9969
3509205,35,SP,Cajamar,97363,-23.355,-46.8781
3509254,35,SP,Cajati,29257,-24.7324,-48.1223
3509304,35,SP,Cajobi,9232,-20.8773,-48.8063
3509403,35,SP,Cajuru,24217,-21.2749,-47.303
3509452,35,SP,Campina do Monte Alegre,6077,-23.5895,-48.4758
3509502,35,SP,Campinas,1185977,-22.9053,-47.0659
3509601,35,SP,Campo Limpo Paulista,79663,-23.2078,-46.7889
3509700,35,SP,Campos do Jordão,47983,-22.7296,-45.5833
3509809,35,SP,Campos Novos Paulista,4991,-22.602,-49.9987
3509908,35,SP,Cananéia,12489,-25.0144,-47.9341
3509957,35,SP,Canas,5049,-22.7003,-45.0521
3510005,35,SP,Cândido Mota,30172,-22.7471,-50.3873
3510104,35,SP,Cândido Rodrigues,2951,-21.3275,-48.6327
3510153,35,SP,Canitar,6524,-23.004,-49.7839
3510203,35,SP,Capão Bonito,47403,-24.0113,-48.3482
3510302,35,SP,Capela do Alto,23597,-23.4685,-47.7388
3510401,35,SP,Capivari,51318,-22.9951,-47.5071
3510500,35,SP,Caraguatatuba,141084,-23.6125,-45.4125
3510609,35,SP,Carapicuíba,398462,-23.5235,-46.8407
3510708,35,SP,Cardoso,11491,-20.08,-49.9183
3510807,35,SP,Casa Branca,28786,-21.7708,-47.0852
3510906,35,SP,Cássia dos Coqueiros,2855,-21.2801,-47.1643
3511003,35,SP,Castilho,20418,-20.8689,-51.4884
3511102,35,SP,Catanduva,119172,-21.1314,-48.977
3511201,35,SP,Catiguá,7105,-21.0519,-49.0616
3511300,35,SP,Cedral,13160,-20.9009,-49.2664
3511409,35,SP,Cerqueira César,22076,-23.038,-49.1655
3511508,35,SP,Cerquilho,46217,-23.1665,-47.7459
3511607,35,SP,Cesário Lange,19588,-23.226,-47.9545
3511706,35,SP,Charqueada,15798,-22.5096,-47.7755
3511904,35,SP,Clementina,7087,-21.5604,-50.4525
3512001,35,SP,Colina,18842,-20.7114,-48.5387
3512100,35,SP,Colômbia,6781,-20.1768,-48.6865
3512209,35,SP,Conchal,29034,-22.3375,-47.1729
3512308,35,SP,Conchas,15381,-23.0154,-48.0134
3512407,35,SP,Cordeirópolis,25130,-22.4778,-47.4519
3512506,35,SP,Coroados,5498,-21.3521,-50.2859
3512605,35,SP,Coronel Macedo,4295,-23.6261,-49.31
3512704,35,SP,Corumbataí,4285,-22.2213,-47.6215
3512803,35,SP,Cosmópolis,61204,-22.6419,-47.1926
3512902,35,SP,Cosmorama,8968,-20.4755,-49.7827
3513009,35,SP,Cotia,287004,-23.6022,-46.919
3513108,35,SP,Cravinhos,34252,-21.338,-47.7324
3513207,35,SP,Cristais Paulista,9543,-20.4036,-47.4209
3513306,35,SP,Cruzália,2129,-22.7373,-50.7909
3513405,35,SP,Cruzeiro,76513,-22.5728,-44.969
3513504,35,SP,Cubatão,115082,-23.8911,-46.424
3513603,35,SP,Cunha,22456,-23.0731,-44.9576
3513702,35,SP,Descalvado,32622,-21.9002,-47.6181
3513801,35,SP,Diadema,404118,-23.6813,-46.6205
3513850,35,SP,Dirce Reis,1641,-20.4642,-50.6073
3513900,35,SP,Divinolândia,11314,-21.6637,-46.7361
3514007,35,SP,Dobrada,8958,-21.5155,-48.3935
3514106,35,SP,Dois Córregos,24855,-22.3673,-48.3819
3514205,35,SP,Dolcinópolis,2250,-20.124,-50.5149
3514304,35,SP,Dourado,8186,-22.1044,-48.3178
3514403,35,SP,Dracena,46664,-21.4843,-51.535
3514502,35,SP,Duartina,12529,-22.4146,-49.4084
3514601,35,SP,Dumont,9719,-21.2324,-47.9756
3514700,35,SP,Echaporã,6295,-22.4326,-50.2038
3514809,35,SP,Eldorado,13162,-24.5281,-48.1141
3514908,35,SP,Elias Fausto,18103,-23.0428,-47.3682
3514924,35,SP,Elisiário,3189,-21.1678,-49.1146
3514957,35,SP,Embaúba,2353,-20.9796,-48.8325
3515004,35,SP,Embu das Artes,259323,-23.6437,-46.8579
3515103,35,SP,Embu-Guaçu,68805,-23.8297,-46.8136
3515129,35,SP,Emilianópolis,3062,-21.8314,-51.4832
3515152,35,SP,Engenheiro Coelho,20139,-22.4836,-47.211
3515186,35,SP,Espírito Santo do Pinhal,40681,-22.1909,-46.7477
3515194,35,SP,Espírito Santo do Turvo,4217,-22.6925,-49.4341
3515202,35,SP,Estrela d'Oeste,9655,-20.2875,-50.4049
3515301,35,SP,Estrela do Norte,2749,-22.4859,-51.6632
3515350,35,SP,Euclides da Cunha Paulista,7928,-22.5545,-52.5928
3515400,35,SP,Fartura,16984,-23.3916,-49.5124
3515509,35,SP,Fernandópolis,73286,-20.2806,-50.2471
3515608,35,SP,Fernando Prestes,6066,-21.2661,-48.6874
3515657,35,SP,Fernão,1689,-22.3607,-49.5187
3515707,35,SP,Ferraz de Vasconcelos,185622,-23.5411,-46.371
3515806,35,SP,Flora Rica,1492,-21.6727,-51.3821
3515905,35,SP,Floreal,2756,-20.6752,-50.1513
3516002,35,SP,Flórida Paulista,13171,-21.6127,-51.1724
3516101,35,SP,Florínea,3987,-22.868,-50.6814
3516200,35,SP,Franca,364331,-20.5352,-47.4039
3516309,35,SP,Francisco Morato,171107,-23.2792,-46.7448
3516408,35,SP,Franco da Rocha,149786,-23.3229,-46.729
3516507,35,SP,Gabriel Monteiro,2811,-21.5294,-50.5573
3516606,35,SP,Gália,6435,-22.2918,-49.5504
3516705,35,SP,Garça,43115,-22.2125,-49.6546
3516804,35,SP,Gastão Vidigal,3235,-20.7948,-50.1912
3516853,35,SP,Gavião Peixoto,4797,-21.8367,-48.4957
3516903,35,SP,General Salgado,10449,-20.6485,-50.364
3517000,35,SP,Getulina,10355,-21.7961,-49.9312
3517109,35,SP,Glicério,4173,-21.3812,-50.2123
3517208,35,SP,Guaiçara,11459,-21.6195,-49.8013
3517307,35,SP,Guaimbê,5606,-21.9091,-49.8986
3517406,35,SP,Guaíra,40424,-20.3196,-48.312
3517505,35,SP,Guapiaçu,22316,-20.7959,-49.2172
3517604,35,SP,Guapiara,17256,-24.1892,-48.5295
3517703,35,SP,Guará,18790,-20.4302,-47.8236
3517802,35,SP,Guaraçaí,7486,-21.0292,-51.2119
3517901,35,SP,Guaraci,10542,-20.4977,-48.9391
3518008,35,SP,Guarani d'Oeste,1999,-20.0746,-50.3411
3518107,35,SP,Guarantã,6531,-21.8942,-49.5914
3518206,35,SP,Guararapes,31872,-21.2544,-50.6453
3518305,35,SP,Guararema,32436,-23.4112,-46.0369
3518404,35,SP,Guaratinguetá,121710,-22.8075,-45.1938
3518503,35,SP,Guareí,15268,-23.3714,-48.1837
3518602,35,SP,Guariba,38609,-21.3594,-48.2316
3518701,35,SP,Guarujá,294973,-23.9888,-46.258
3518800,35,SP,Guarulhos,1345364,-23.4538,-46.5333
3518859,35,SP,Guatapará,7462,-21.4944,-48.0356
3518909,35,SP,Guzolândia,4276,-20.6467,-50.6645
3519006,35,SP,Herculândia,9302,-22.0038,-50.3907
3519055,35,SP,Holambra,15596,-22.6405,-47.0487
3519071,35,SP,Hortolândia,247331,-22.8529,-47.2143
3519105,35,SP,Iacanga,10633,-21.8896,-49.031
3519204,35,SP,Iacri,6207,-21.8572,-50.6932
3519253,35,SP,Iaras,8257,-22.8682,-49.1634
3519303,35,SP,Ibaté,33110,-21.9584,-47.9882
3519402,35,SP,Ibirá,11934,-21.083,-49.2448
3519501,35,SP,Ibirarema,6461,-22.8185,-50.0739
3519600,35,SP,Ibitinga,61908,-21.7562,-48.8319
3519709,35,SP,Ibiúna,77651,-23.6596,-47.223
3519808,35,SP,Icém,7969,-20.3391,-49.1915
3519907,35,SP,Iepê,7739,-22.6602,-51.0779
3520004,35,SP,Igaraçu do Tietê,23430,-22.509,-48.5597
3520103,35,SP,Igarapava,26755,-20.0407,-47.7466
3520202,35,SP,Igaratá,10904,-23.2037,-46.157
3520301,35,SP,Iguape,29881,-24.699,-47.5537
3520400,35,SP,Ilhabela,36329,-23.7785,-45.3552
3520426,35,SP,Ilha Comprida,13955,-24.7307,-47.5383
3520442,35,SP,Ilha Solteira,26240,-20.4326,-51.3426
3520509,35,SP,Indaiatuba,267796,-23.0816,-47.2101
3520608,35,SP,Indiana,5191,-22.1738,-51.2555
3520707,35,SP,Indiaporã,4109,-19.979,-50.2909
3520806,35,SP,Inúbia Paulista,3671,-21.7695,-50.9633
3520905,35,SP,Ipaussu,13933,-23.0575,-49.6279
3521002,35,SP,Iperó,37999,-23.3513,-47.6927
3521101,35,SP,Ipeúna,6999,-22.4355,-47.7151
3521150,35,SP,Ipiguá,7037,-20.6557,-49.3842
3521200,35,SP,Iporanga,4091,-24.5847,-48.5971
3521309,35,SP,Ipuã,14691,-20.4438,-48.0129
3521408,35,SP,Iracemápolis,22435,-22.5832,-47.523
3521507,35,SP,Irapuã,6946,-21.2768,-49.4164
3521606,35,SP,Irapuru,7145,-21.5684,-51.3472
3521705,35,SP,Itaberá,18258,-23.8638,-49.14
3521804,35,SP,Itaí,25930,-23.4213,-49.092
3521903,35,SP,Itajobi,17420,-21.3123,-49.0629
3522000,35,SP,Itaju,3702,-21.9857,-48.8116
3522109,35,SP,Itanhaém,117435,-24.1736,-46.788
3522158,35,SP,Itaoca,3490,-24.6393,-48.8413
3522208,35,SP,Itapecerica da Serra,163928,-23.7161,-46.8572
3522307,35,SP,Itapetininga,163774,-23.5886,-48.0483
3522406,35,SP,Itapeva,92324,-23.9788,-48.8764
3522505,35,SP,Itapevi,241924,-23.5488,-46.9327
3522604,35,SP,Itapira,73919,-22.4357,-46.8224
3522653,35,SP,Itapirapuã Paulista,4405,-24.572,-49.1661
3522703,35,SP,Itápolis,40464,-21.5942,-48.8149
3522802,35,SP,Itaporanga,14260,-23.7043,-49.4819
3522901,35,SP,Itapuí,13984,-22.2324,-48.7197
3523008,35,SP,Itapura,4014,-20.6419,-51.5063
3523107,35,SP,Itaquaquecetuba,382521,-23.4835,-46.3457
3523206,35,SP,Itararé,45327,-24.1085,-49.3352
3523305,35,SP,Itariri,15762,-24.2834,-47.1736
3523404,35,SP,Itatiba,126403,-23.0035,-46.8464
3523503,35,SP,Itatinga,19427,-23.1047,-48.6157
3523602,35,SP,Itirapina,16433,-22.2562,-47.8166
3523701,35,SP,Itirapuã,5861,-20.6416,-47.2194
3523800,35,SP,Itobi,8210,-21.7309,-46.9743
3523909,35,SP,Itu,174561,-23.2544,-47.2927
3524006,35,SP,Itupeva,74119,-23.1526,-47.0593
3524105,35,SP,Ituverava,38451,-20.3355,-47.7902
3524204,35,SP,Jaborandi,6293,-20.6884,-48.4112
3524303,35,SP,Jaboticabal,73467,-21.252,-48.3252
3524402,35,SP,Jacareí,249968,-23.2983,-45.9658
3524501,35,SP,Jaci,7878,-20.8805,-49.5797
3524600,35,SP,Jacupiranga,16254,-24.6963,-48.0064
3524709,35,SP,Jaguariúna,61801,-22.7037,-46.9851
3524808,35,SP,Jales,50017,-20.2672,-50.5494
3524907,35,SP,Jambeiro,6575,-23.2522,-45.6942
3525003,35,SP,Jandira,121988,-23.5275,-46.9023
3525102,35,SP,Jardinópolis,46868,-21.0176,-47.7606
3525201,35,SP,Jarinu,39531,-23.1039,-46.728
3525300,35,SP,Jaú,137323,-22.2936,-48.5592
3525409,35,SP,Jeriquara,3976,-20.3116,-47.5918
3525508,35,SP,Joanópolis,13095,-22.927,-46.2741
3525607,35,SP,João Ramalho,4456,-22.2473,-50.7694
3525706,35,SP,José Bonifácio,37859,-21.0551,-49.6892
3525805,35,SP,Júlio Mesquita,4308,-22.0112,-49.7873
3525854,35,SP,Jumirim,3123,-23.0884,-47.7868
3525904,35,SP,Jundiaí,460313,-23.1852,-46.8974
3526001,35,SP,Junqueirópolis,20878,-21.5103,-51.4342
3526100,35,SP,Juquiá,17255,-24.3101,-47.6426
3526209,35,SP,Juquitiba,28007,-23.9244,-47.0653
3526308,35,SP,Lagoinha,5182,-23.0846,-45.1944
3526407,35,SP,Laranjal Paulista,27009,-23.0506,-47.8375
3526506,35,SP,Lavínia,9909,-21.1639,-51.0412
3526605,35,SP,Lavrinhas,7328,-22.57,-44.9024
3526704,35,SP,Leme,101316,-22.1809,-47.3841
3526803,35,SP,Lençóis Paulista,68395,-22.6027,-48.8037
3526902,35,SP,Limeira,300728,-22.566,-47.397
3527009,35,SP,Lindóia,7147,-22.5226,-46.65
3527108,35,SP,Lins,76729,-21.6718,-49.7526
3527207,35,SP,Lorena,87370,-22.7334,-45.1197
3527256,35,SP,Lourdes,1968,-20.966,-50.2263
3527306,35,SP,Louveira,54111,-23.0856,-46.9484
3527405,35,SP,Lucélia,20372,-21.7182,-51.0215
3527504,35,SP,Lucianópolis,2419,-22.4294,-49.522
3527603,35,SP,Luís Antônio,12531,-21.55,-47.7801
3527702,35,SP,Luiziânia,4751,-21.6737,-50.3294
3527801,35,SP,Lupércio,4017,-22.4146,-49.818
3527900,35,SP,Lutécia,2699,-22.3384,-50.394
3528007,35,SP,Macatuba,17120,-22.5002,-48.7102
3528106,35,SP,Macaubal,7587,-20.8022,-49.9687
3528205,35,SP,Macedônia,4048,-20.1444,-50.1973
3528304,35,SP,Magda,3212,-20.6445,-50.2305
3528403,35,SP,Mairinque,51660,-23.5398,-47.185
3528502,35,SP,Mairiporã,97399,-23.3171,-46.5897
3528601,35,SP,Manduri,10092,-23.0056,-49.3202
3528700,35,SP,Marabá Paulista,4627,-22.1068,-51.9617
3528809,35,SP,Maracaí,12826,-22.6149,-50.6713
3528858,35,SP,Marapoama,3392,-21.2587,-49.13
3528908,35,SP,Mariápolis,3539,-21.7959,-51.1824
3529005,35,SP,Marília,246627,-22.2171,-49.9501
3529104,35,SP,Marinópolis,1870,-20.4389,-50.8254
3529203,35,SP,Martinópolis,25299,-22.1462,-51.1709
3529302,35,SP,Matão,80998,-21.6025,-48.364
3529401,35,SP,Mauá,429380,-23.6677,-46.4613
3529500,35,SP,Mendonça,6369,-21.1757,-49.5791
3529609,35,SP,Meridiano,4697,-20.3579,-50.1811
3529658,35,SP,Mesópolis,1988,-19.9684,-50.6326
3529708,35,SP,Miguelópolis,19655,-20.1796,-48.031
3529807,35,SP,Mineiros do Tietê,11349,-22.412,-48.451
3529906,35,SP,Miracatu,18679,-24.2766,-47.4625
3530003,35,SP,Mira Estrela,3199,-19.9789,-50.139
3530102,35,SP,Mirandópolis,28737,-21.1313,-51.1035
3530201,35,SP,Mirante do Paranapanema,16069,-22.2904,-51.9084
3530300,35,SP,Mirassol,65485,-20.8169,-49.5206
3530409,35,SP,Mirassolândia,4771,-20.6179,-49.4617
3530508,35,SP,Mococa,69324,-21.4647,-47.0024
3530607,35,SP,Mogi das Cruzes,468120,-23.5208,-46.1854
3530706,35,SP,Mogi Guaçu,159735,-22.3675,-46.9428
3530805,35,SP,Mogi Mirim,95534,-22.4332,-46.9532
3530904,35,SP,Mombuca,3815,-22.9285,-47.559
3531001,35,SP,Monções,1954,-20.8509,-50.0975
3531100,35,SP,Mongaguá,64519,-24.0809,-46.6265
3531209,35,SP,Monte Alegre do Sul,8873,-22.6817,-46.681
3531308,35,SP,Monte Alto,48725,-21.2655,-48.4971
3531407,35,SP,Monte Aprazível,22650,-20.768,-49.7184
3531506,35,SP,Monte Azul Paulista,18363,-20.9065,-48.6387
3531605,35,SP,Monte Castelo,4301,-21.2981,-51.5679
3531704,35,SP,Monteiro Lobato,4205,-22.9544,-45.8407
3531803,35,SP,Monte Mor,67296,-22.945,-47.3122
3531902,35,SP,Morro Agudo,28561,-20.7288,-48.0581
3532009,35,SP,Morungaba,14081,-22.8811,-46.7896
3532058,35,SP,Motuca,4079,-21.5103,-48.1538
3532108,35,SP,Murutinga do Sul,3763,-20.9908,-51.2774
3532157,35,SP,Nantes,2699,-22.6156,-51.24
3532207,35,SP,Narandiba,5908,-22.4057,-51.5274
3532306,35,SP,Natividade da Serra,7134,-23.3707,-45.4468
3532405,35,SP,Nazaré Paulista,18620,-23.1747,-46.3983
3532504,35,SP,Neves Paulista,9921,-20.843,-49.6358
3532603,35,SP,Nhandeara,9944,-20.6945,-50.0436
3532702,35,SP,Nipoã,4860,-20.9114,-49.7833
3532801,35,SP,Nova Aliança,6858,-21.0156,-49.4986
3532827,35,SP,Nova Campina,8631,-24.1224,-48.9022
3532843,35,SP,Nova Canaã Paulista,2058,-20.3836,-50.9483
3532868,35,SP,Nova Castilho,1074,-20.7615,-50.3477
3532900,35,SP,Nova Europa,9459,-21.7765,-48.5705
3533007,35,SP,Nova Granada,19725,-20.5321,-49.3123
3533106,35,SP,Nova Guataporanga,2188,-21.332,-51.6447
3533205,35,SP,Nova Independência,4795,-21.1026,-51.4905
3533254,35,SP,Novais,4469,-20.9893,-48.9141
3533304,35,SP,Nova Luzitânia,2838,-20.856,-50.2617
3533403,35,SP,Nova Odessa,64228,-22.7832,-47.2941
3533502,35,SP,Novo Horizonte,39435,-21.4651,-49.2234
3533601,35,SP,Nuporanga,7550,-20.7296,-47.7429
3533700,35,SP,Ocauçu,4412,-22.438,-49.922
3533809,35,SP,Óleo,2540,-22.9435,-49.3419
3533908,35,SP,Olímpia,56701,-20.7366,-48.9106
3534005,35,SP,Onda Verde,4912,-20.6042,-49.2929
3534104,35,SP,Oriente,6180,-22.1549,-50.0971
3534203,35,SP,Orindiúva,6145,-20.1861,-49.3464
3534302,35,SP,Orlândia,39193,-20.7169,-47.8852
3534401,35,SP,Osasco,756952,-23.5324,-46.7916
3534500,35,SP,Oscar Bressane,2504,-22.3149,-50.2811
3534609,35,SP,Osvaldo Cruz,32099,-21.7968,-50.8793
3534708,35,SP,Ourinhos,106877,-22.9797,-49.8697
3534757,35,SP,Ouroeste,10596,-20.0061,-50.3768
3534807,35,SP,Ouro Verde,7901,-21.4872,-51.7024
3534906,35,SP,Pacaembu,15217,-21.5627,-51.2654
3535002,35,SP,Palestina,11689,-20.39,-49.4309
3535101,35,SP,Palmares Paulista,9709,-21.0854,-48.8037
3535200,35,SP,Palmeira d'Oeste,8994,-20.4148,-50.7632
3535309,35,SP,Palmital,19767,-22.7858,-50.218
3535408,35,SP,Panorama,15214,-21.354,-51.8562
3535507,35,SP,Paraguaçu Paulista,42087,-22.4114,-50.5732
3535606,35,SP,Paraibuna,17950,-23.3872,-45.6639
3535705,35,SP,Paraíso,6211,-21.0159,-48.7761
3535804,35,SP,Paranapanema,19799,-23.3862,-48.7214
3535903,35,SP,Paranapuã,4111,-20.1048,-50.5886
3536000,35,SP,Parapuã,10729,-21.7792,-50.7949
3536109,35,SP,Pardinho,7382,-23.0841,-48.3679
3536208,35,SP,Pariquera-Açu,19576,-24.7147,-47.8742
3536257,35,SP,Parisi,3001,-20.3034,-50.0163
3536307,35,SP,Patrocínio Paulista,14837,-20.6384,-47.2801
3536406,35,SP,Paulicéia,8200,-21.3153,-51.8321
3536505,35,SP,Paulínia,115690,-22.7542,-47.1488
3536570,35,SP,Paulistânia,2146,-22.5768,-49.4008
3536604,35,SP,Paulo de Faria,7430,-20.0296,-49.4
3536703,35,SP,Pederneiras,46223,-22.3511,-48.7781
3536802,35,SP,Pedra Bela,6718,-22.7902,-46.4455
3536901,35,SP,Pedranópolis,2848,-20.2474,-50.1129
3537008,35,SP,Pedregulho,15742,-20.2535,-47.4775
3537107,35,SP,Pedreira,44332,-22.7413,-46.8948
3537156,35,SP,Pedrinhas Paulista,2838,-22.8174,-50.7933
3537206,35,SP,Pedro de Toledo,11539,-24.2764,-47.2354
3537305,35,SP,Penápolis,63317,-21.4148,-50.0769
3537404,35,SP,Pereira Barreto,24389,-20.6368,-51.1123
3537503,35,SP,Pereiras,8969,-23.0804,-47.972
3537602,35,SP,Peruíbe,70543,-24.312,-47.0012
3537701,35,SP,Piacatu,5623,-21.5921,-50.6003
3537800,35,SP,Piedade,54237,-23.7139,-47.4256
3537909,35,SP,Pilar do Sul,28417,-23.8077,-47.7222
3538006,35,SP,Pindamonhangaba,172027,-22.9246,-45.4613
3538105,35,SP,Pindorama,14721,-21.1853,-48.9086
3538204,35,SP,Pinhalzinho,15605,-22.7811,-46.5897
3538303,35,SP,Piquerobi,3296,-21.8747,-51.7282
3538501,35,SP,Piquete,12570,-22.6069,-45.1869
3538600,35,SP,Piracaia,26764,-23.0525,-46.3594
3538709,35,SP,Piracicaba,438827,-22.7338,-47.6476
3538808,35,SP,Piraju,30261,-23.1981,-49.3803
3538907,35,SP,Pirajuí,22743,-21.999,-49.4608
3539004,35,SP,Pirangi,11076,-21.0886,-48.6607
3539103,35,SP,Pirapora do Bom Jesus,18836,-23.3965,-46.9991
3539202,35,SP,Pirapozinho,26065,-22.2711,-51.4976
3539301,35,SP,Pirassununga,75475,-21.996,-47.4257
3539400,35,SP,Piratininga,15554,-22.4142,-49.1339
3539509,35,SP,Pitangueiras,34416,-21.0132,-48.221
3539608,35,SP,Planalto,4454,-21.0342,-49.933
3539707,35,SP,Platina,3061,-22.6371,-50.2104
3539806,35,SP,Poá,106431,-23.5333,-46.3473
3539905,35,SP,Poloni,5696,-20.7829,-49.8258
3540002,35,SP,Pompéia,20512,-22.107,-50.176
3540101,35,SP,Pongaí,3443,-21.7396,-49.3604
3540200,35,SP,Pontal,38376,-21.0216,-48.0423
3540259,35,SP,Pontalinda,4196,-20.4396,-50.5258
3540309,35,SP,Pontes Gestal,2415,-20.1727,-49.7064
3540408,35,SP,Populina,4185,-19.9453,-50.538
3540507,35,SP,Porangaba,10773,-23.1761,-48.1195
3540606,35,SP,Porto Feliz,58345,-23.2093,-47.5251
3540705,35,SP,Porto Ferreira,53940,-21.8498,-47.487
3540754,35,SP,Potim,20767,-22.8343,-45.2552
3540804,35,SP,Potirendaba,18994,-21.0428,-49.3815
3540853,35,SP,Pracinha,2599,-21.8496,-51.0868
3540903,35,SP,Pradópolis,17309,-21.3626,-48.0679
3541000,35,SP,Praia Grande,365577,-24.0084,-46.4121
3541059,35,SP,Pratânia,5246,-22.8112,-48.6636
3541109,35,SP,Presidente Alves,3841,-22.0999,-49.4381
3541208,35,SP,Presidente Bernardes,14772,-22.0082,-51.5565
3541307,35,SP,Presidente Epitácio,40383,-21.7651,-52.1111
3541406,35,SP,Presidente Prudente,234083,-22.1207,-51.3925
3541505,35,SP,Presidente Venceslau,35902,-21.8732,-51.8447
3541604,35,SP,Promissão,35991,-21.5356,-49.8599
3541653,35,SP,Quadra,3472,-23.2993,-48.0547
3541703,35,SP,Quatá,13399,-22.2456,-50.6966
3541802,35,SP,Queiroz,3351,-21.7969,-50.2415
3541901,35,SP,Queluz,9146,-22.5312,-44.7781
3542008,35,SP,Quintana,7225,-22.0692,-50.307
3542107,35,SP,Rafard,9133,-23.0105,-47.5318
3542206,35,SP,Rancharia,29305,-22.2269,-50.893
3542305,35,SP,Redenção da Serra,4611,-23.2638,-45.5422
3542404,35,SP,Regente Feijó,20565,-22.2181,-51.3055
3542503,35,SP,Reginópolis,7808,-21.8914,-49.2268
3542602,35,SP,Registro,61732,-24.4979,-47.8449
3542701,35,SP,Restinga,6492,-20.6056,-47.4833
3542800,35,SP,Ribeira,3166,-24.6517,-49.0044
3542909,35,SP,Ribeirão Bonito,11079,-22.0685,-48.182
3543006,35,SP,Ribeirão Branco,18930,-24.2206,-48.7635
3543105,35,SP,Ribeirão Corrente,4706,-20.4579,-47.5904
3543204,35,SP,Ribeirão do Sul,4768,-22.789,-49.933
3543238,35,SP,Ribeirão dos Índios,2045,-21.8382,-51.6103
3543253,35,SP,Ribeirão Grande,7570,-24.1011,-48.3679
3543303,35,SP,Ribeirão Pires,118877,-23.7067,-46.4058
3543402,35,SP,Ribeirão Preto,728400,-21.1699,-47.8099
3543501,35,SP,Riversul,5647,-23.829,-49.429
3543600,35,SP,Rifaina,4158,-20.0803,-47.4291
3543709,35,SP,Rincão,9145,-21.5894,-48.0728
3543808,35,SP,Rinópolis,9357,-21.7284,-50.7239
3543907,35,SP,Rio Claro,208857,-22.3984,-47.5546
3544004,35,SP,Rio das Pedras,32267,-22.8417,-47.6047
3544103,35,SP,Rio Grande da Serra,45317,-23.7437,-46.3971
3544202,35,SP,Riolândia,10453,-19.9868,-49.6836
3544251,35,SP,Rosana,17533,-22.5782,-53.0603
3544301,35,SP,Roseira,11095,-22.8938,-45.307
3544400,35,SP,Rubiácea,2741,-21.3006,-50.7296
3544509,35,SP,Rubinéia,3965,-20.1759,-51.007
3544608,35,SP,Sabino,5185,-21.4593,-49.5755
3544707,35,SP,Sagres,2519,-21.8823,-50.9594
3544806,35,SP,Sales,6612,-21.3427,-49.4897
3544905,35,SP,Sales Oliveira,11654,-20.7696,-47.8369
3545001,35,SP,Salesópolis,15396,-23.5288,-45.8465
3545100,35,SP,Salmourão,4883,-21.6267,-50.8614
3545159,35,SP,Saltinho,8371,-22.8442,-47.6754
3545209,35,SP,Salto,140125,-23.1996,-47.2931
3545308,35,SP,Salto de Pirapora,45138,-23.6474,-47.5743
3545407,35,SP,Salto Grande,9212,-22.8894,-49.9831
3545506,35,SP,Sandovalina,3699,-22.4551,-51.7648
3545605,35,SP,Santa Adélia,14203,-21.2427,-48.8063
3545704,35,SP,Santa Albertina,6543,-20.0311,-50.7297
3545803,35,SP,Santa Bárbara d'Oeste,189338,-22.7553,-47.4143
3546009,35,SP,Santa Branca,14212,-23.3933,-45.8875
3546108,35,SP,Santa Clara d'Oeste,2677,-20.09,-50.9491
3546207,35,SP,Santa Cruz da Conceição,4365,-22.1405,-47.4512
3546256,35,SP,Santa Cruz da Esperança,2162,-21.2951,-47.4304
3546306,35,SP,Santa Cruz das Palmeiras,29525,-21.8235,-47.248
3546405,35,SP,Santa Cruz do Rio Pardo,47677,-22.8988,-49.6354
3546504,35,SP,Santa Ernestina,6256,-21.4618,-48.3953
3546603,35,SP,Santa Fé do Sul,36098,-20.2083,-50.932
3546702,35,SP,Santa Gertrudes,24107,-22.4572,-47.5272
3546801,35,SP,Santa Isabel,54586,-23.3172,-46.2237
3546900,35,SP,Santa Lúcia,7181,-21.685,-48.0885
3547007,35,SP,Santa Maria da Serra,5314,-22.5661,-48.1593
3547106,35,SP,Santa Mercedes,3012,-21.3495,-51.7564
3547205,35,SP,Santana da Ponte Pensa,1698,-20.2523,-50.8014
3547304,35,SP,Santana de Parnaíba,162341,-23.4439,-46.9178
3547403,35,SP,Santa Rita d'Oeste,2790,-20.1414,-50.8358
3547502,35,SP,Santa Rita do Passa Quatro,25060,-21.7083,-47.478
3547601,35,SP,Santa Rosa de Viterbo,23725,-21.4776,-47.3622
3547650,35,SP,Santa Salete,1686,-20.2429,-50.6887
3547700,35,SP,Santo Anastácio,18045,-21.9747,-51.6527
3547809,35,SP,Santo André,778711,-23.6737,-46.5432
3547908,35,SP,Santo Antônio da Alegria,6917,-21.0864,-47.1464
3548005,35,SP,Santo Antônio de Posse,23779,-22.6029,-46.9192
3548054,35,SP,Santo Antônio do Aracanguá,8568,-20.9331,-50.498
3548104,35,SP,Santo Antônio do Jardim,6237,-22.1121,-46.6845
3548203,35,SP,Santo Antônio do Pinhal,7294,-22.827,-45.663
3548302,35,SP,Santo Expedito,3063,-21.8467,-51.3929
3548401,35,SP,Santópolis do Aguapeí,3933,-21.6376,-50.5044
3548500,35,SP,Santos,429567,-23.9535,-46.335
3548609,35,SP,São Bento do Sapucaí,11948,-22.6837,-45.7287
3548708,35,SP,São Bernardo do Campo,840499,-23.6914,-46.5646
3548807,35,SP,São Caetano do Sul,172109,-23.6229,-46.5548
3548906,35,SP,São Carlos,265294,-22.0174,-47.886
3549003,35,SP,São Francisco,2629,-20.3623,-50.6952
3549102,35,SP,São João da Boa Vista,95762,-21.9707,-46.7944
3549201,35,SP,São João das Duas Pontes,2622,-20.3879,-50.3792
3549250,35,SP,São João de Iracema,1880,-20.5111,-50.3561
3549300,35,SP,São João do Pau d'Alho,2288,-21.2662,-51.6672
3549409,35,SP,São Joaquim da Barra,49815,-20.5812,-47.8593
3549508,35,SP,São José da Bela Vista,7690,-20.5935,-47.6424
3549607,35,SP,São José do Barreiro,3898,-22.6414,-44.5774
3549706,35,SP,São José do Rio Pardo,53416,-21.5953,-46.8873
3549805,35,SP,São José do Rio Preto,501597,-20.8113,-49.3758
3549904,35,SP,São José dos Campos,724756,-23.1896,-45.8841
3549953,35,SP,São Lourenço da Serra,16458,-23.8491,-46.9432
3550001,35,SP,São Luiz do Paraitinga,10497,-23.222,-45.3109
3550100,35,SP,São Manuel,38166,-22.7321,-48.5723
3550209,35,SP,São Miguel Arcanjo,32904,-23.8782,-47.9935
3550308,35,SP,São Paulo,11895578,-23.5329,-46.6395
3550407,35,SP,São Pedro,39725,-22.5483,-47.9096
3550506,35,SP,São Pedro do Turvo,7333,-22.7453,-49.7428
3550605,35,SP,São Roque,81342,-23.5226,-47.1357
3550704,35,SP,São Sebastião,84019,-23.7951,-45.4143
3550803,35,SP,São Sebastião da Grama,10484,-21.7041,-46.8208
3550902,35,SP,São Simão,13590,-21.4732,-47.5518
3551009,35,SP,São Vicente,338407,-23.9574,-46.3883
3551108,35,SP,Sarapuí,10632,-23.6397,-47.8249
3551207,35,SP,Sarutaiá,3769,-23.2721,-49.4763
3551306,35,SP,Sebastianópolis do Sul,3187,-20.6523,-49.925
3551405,35,SP,Serra Azul,13058,-21.3074,-47.5602
3551504,35,SP,Serrana,45408,-21.2043,-47.5952
3551603,35,SP,Serra Negra,30920,-22.6139,-46.7033
3551702,35,SP,Sertãozinho,131600,-21.1316,-47.9875
3551801,35,SP,Sete Barras,12912,-24.382,-47.9279
3551900,35,SP,Severínia,14724,-20.8108,-48.8054
3552007,35,SP,Silveiras,6313,-22.6638,-44.8522
3552106,35,SP,Socorro,41405,-22.5903,-46.5251
3552205,35,SP,Sorocaba,757459,-23.4969,-47.4451
3552304,35,SP,Sud Mennucci,7466,-20.6872,-50.9238
3552403,35,SP,Sumaré,289787,-22.8204,-47.2728
3552502,35,SP,Suzano,318765,-23.5448,-46.3112
3552551,35,SP,Suzanápolis,3464,-20.4981,-51.0268
3552601,35,SP,Tabapuã,11499,-20.9602,-49.0307
3552700,35,SP,Tabatinga,14994,-21.7239,-48.6896
3552809,35,SP,Taboão da Serra,284274,-23.6019,-46.7526
3552908,35,SP,Taciba,6399,-22.3866,-51.2882
3553005,35,SP,Taguaí,13006,-23.4452,-49.4024
3553104,35,SP,Taiaçu,5751,-21.1431,-48.5112
3553203,35,SP,Taiúva,6733,-21.1223,-48.4528
3553302,35,SP,Tambaú,21682,-21.7029,-47.2703
3553401,35,SP,Tanabi,26021,-20.6228,-49.6563
3553500,35,SP,Tapiraí,8122,-23.9612,-47.5062
3553609,35,SP,Tapiratiba,11936,-21.4713,-46.7448
3553658,35,SP,Taquaral,2652,-21.0737,-48.4126
3553708,35,SP,Taquaritinga,53322,-21.4049,-48.5103
3553807,35,SP,Taquarituba,24863,-23.5307,-49.241
3553856,35,SP,Taquarivaí,7112,-23.9211,-48.6948
3553906,35,SP,Tarabai,6635,-22.3016,-51.5621
3553955,35,SP,Tarumã,15248,-22.7429,-50.5786
3554003,35,SP,Tatuí,128560,-23.3487,-47.8461
3554102,35,SP,Taubaté,321298,-23.0104,-45.5593
3554201,35,SP,Tejupá,4142,-23.3425,-49.3722
3554300,35,SP,Teodoro Sampaio,22559,-22.5299,-52.1682
3554409,35,SP,Terra Roxa,7985,-20.787,-48.3314
3554508,35,SP,Tietê,38690,-23.1101,-47.7164
3554607,35,SP,Timburi,2490,-23.2057,-49.6096
3554656,35,SP,Torre de Pedra,2063,-23.2462,-48.1955
3554706,35,SP,Torrinha,9484,-22.4237,-48.1731
3554755,35,SP,Trabiju,1719,-22.0388,-48.3342
3554805,35,SP,Tremembé,53083,-22.9571,-45.5475
3554904,35,SP,Três Fronteiras,7013,-20.2344,-50.8905
3554953,35,SP,Tuiuti,6947,-22.8193,-46.6937
3555000,35,SP,Tupã,65416,-21.9335,-50.5191
3555109,35,SP,Tupi Paulista,16206,-21.3825,-51.575
3555208,35,SP,Turiúba,1839,-20.9428,-50.1135
3555307,35,SP,Turmalina,1672,-20.0486,-50.4792
3555356,35,SP,Ubarana,5456,-21.165,-49.7198
3555406,35,SP,Ubatuba,96598,-23.4332,-45.0834
3555505,35,SP,Ubirajara,5265,-22.5272,-49.6613
3555604,35,SP,Uchoa,10627,-20.9511,-49.1713
3555703,35,SP,União Paulista,1628,-20.8862,-49.9025
3555802,35,SP,Urânia,8973,-20.2455,-50.6455
3555901,35,SP,Uru,1419,-21.7866,-49.2848
3556008,35,SP,Urupês,14038,-21.2032,-49.2931
3556107,35,SP,Valentim Gentil,14531,-20.4217,-50.0889
3556206,35,SP,Valinhos,131277,-22.9698,-46.9974
3556305,35,SP,Valparaíso,24723,-21.2229,-50.8699
3556354,35,SP,Vargem,10805,-22.887,-46.4124
3556404,35,SP,Vargem Grande do Sul,41226,-21.8322,-46.8913
3556453,35,SP,Vargem Grande Paulista,52103,-23.5993,-47.022
3556503,35,SP,Várzea Paulista,119576,-23.2136,-46.8234
3556602,35,SP,Vera Cruz,10294,-22.2183,-49.8207
3556701,35,SP,Vinhedo,79235,-23.0302,-46.9833
3556800,35,SP,Viradouro,17681,-20.8734,-48.293
3556909,35,SP,Vista Alegre do Alto,8327,-21.1692,-48.6284
3556958,35,SP,Vitória Brasil,1826,-20.1956,-50.4875
3557006,35,SP,Votorantim,132849,-23.5446,-47.4388
3557105,35,SP,Votuporanga,100159,-20.4237,-49.9781
3557154,35,SP,Zacarias,2761,-21.0506,-50.0552
3557204,35,SP,Chavantes,12411,-23.0366,-49.7096
3557303,35,SP,Estiva Gerbi,11566,-22.2713,-46.9481
4100103,41,PR,Abatiá,7271,-23.3049,-50.3133
4100202,41,PR,Adrianópolis,6327,-24.6606,-48.9922
4100301,41,PR,Agudos do Sul,10646,-25.9899,-49.3343
4100400,41,PR,Almirante Tamandaré,124788,-25.3188,-49.3037
4100459,41,PR,Altamira do Paraná,3543,-24.7983,-52.7128
4100509,41,PR,Altônia,18750,-23.8759,-53.8958
4100608,41,PR,Alto Paraná,14138,-23.1312,-52.3189
4100707,41,PR,Alto Piquiri,9802,-24.0224,-53.44
4100806,41,PR,Alvorada do Sul,10478,-22.7813,-51.2297
4100905,41,PR,Amaporã,4736,-23.0943,-52.7866
4101002,41,PR,Ampére,20199,-25.9168,-53.4686
4101051,41,PR,Anahy,2965,-24.6449,-53.1332
4101101,41,PR,Andirá,20044,-23.0533,-50.2304
4101150,41,PR,Ângulo,3332,-23.1946,-51.9154
4101200,41,PR,Antonina,18223,-25.4386,-48.7191
4101309,41,PR,Antônio Olinto,7071,-25.9804,-50.1972
4101408,41,PR,Apucarana,134306,-23.55,-51.4635
4101507,41,PR,Arapongas,123863,-23.4153,-51.4259
4101606,41,PR,Arapoti,26310,-24.1548,-49.8285
4101655,41,PR,Arapuã,3573,-24.3132,-51.7856
4101705,41,PR,Araruna,14824,-23.9315,-52.5021
4101804,41,PR,Araucária,160038,-25.5859,-49.4047
4101853,41,PR,Ariranha do Ivaí,2351,-24.3857,-51.5839
4101903,41,PR,Assaí,13643,-23.3697,-50.8459
4102000,41,PR,Assis Chateaubriand,38105,-24.4168,-53.5213
4102109,41,PR,Astorga,26145,-23.2318,-51.6668
4102208,41,PR,Atalaia,4045,-23.1517,-52.0551
4102307,41,PR,Balsa Nova,13871,-25.5804,-49.6291
4102406,41,PR,Bandeirantes,31807,-23.1078,-50.3704
4102505,41,PR,Barbosa Ferraz,10692,-24.0334,-52.004
4102604,41,PR,Barracão,9900,-26.2502,-53.6324
4102703,41,PR,Barra do Jacaré,2866,-23.116,-50.1842
4102752,41,PR,Bela Vista da Caroba,4100,-25.8842,-53.6725
4102802,41,PR,Bela Vista do Paraíso,14998,-22.9937,-51.1927
4102901,41,PR,Bituruna,15689,-26.1607,-51.5518
4103008,41,PR,Boa Esperança,4622,-24.2467,-52.7876
4103024,41,PR,Boa Esperança do Iguaçu,2448,-25.6324,-53.2108
4103040,41,PR,Boa Ventura de São Roque,6244,-24.8688,-51.6276
4103057,41,PR,Boa Vista da Aparecida,8034,-25.4308,-53.4117
4103107,41,PR,Bocaiúva do Sul,13804,-25.2066,-49.1141
4103156,41,PR,Bom Jesus do Sul,4061,-26.1958,-53.5955
4103206,41,PR,Bom Sucesso,6677,-23.7063,-51.7671
4103222,41,PR,Bom Sucesso do Sul,3234,-26.0731,-52.8353
4103305,41,PR,Borrazópolis,7824,-23.9366,-51.5875
4103354,41,PR,Braganey,4802,-24.8173,-53.1218
4103370,41,PR,Brasilândia do Sul,3828,-24.1978,-53.5275
4103404,41,PR,Cafeara,2655,-22.789,-51.7142
4103453,41,PR,Cafelândia,19844,-24.6189,-53.3207
4103479,41,PR,Cafezal do Sul,4561,-23.9005,-53.5124
4103503,41,PR,Califórnia,8921,-23.6566,-51.3574
4103602,41,PR,Cambará,23430,-23.0423,-50.0753
4103701,41,PR,Cambé,111009,-23.2766,-51.2798
4103800,41,PR,Cambira,9899,-23.589,-51.5792
4103909,41,PR,Campina da Lagoa,15979,-24.5893,-52.7976
4103958,41,PR,Campina do Simão,3973,-25.0802,-51.8237
4104006,41,PR,Campina Grande do Sul,49971,-25.3044,-49.0551
4104055,41,PR,Campo Bonito,4032,-25.0294,-52.9939
4104105,41,PR,Campo do Tenente,7666,-25.98,-49.6844
4104204,41,PR,Campo Largo,142695,-25.4525,-49.529
4104253,41,PR,Campo Magro,31555,-25.3687,-49.4501
4104303,41,PR,Campo Mourão,103340,-24.0463,-52.378
4104402,41,PR,Cândido de Abreu,15255,-24.5649,-51.3372
4104428,41,PR,Candói,15174,-25.5758,-52.0409
4104451,41,PR,Cantagalo,10799,-25.3734,-52.1198
4104501,41,PR,Capanema,21022,-25.6691,-53.8055
4104600,41,PR,Capitão Leônidas Marques,14796,-25.4816,-53.6112
4104659,41,PR,Carambeí,24159,-24.9152,-50.0986
4104709,41,PR,Carlópolis,17567,-23.4269,-49.7235
4104808,41,PR,Cascavel,364104,-24.9573,-53.459
4104907,41,PR,Castro,75291,-24.7891,-50.0108
4105003,41,PR,Catanduvas,10627,-25.2044,-53.1548
4105102,41,PR,Centenário do Sul,10936,-22.8188,-51.5973
4105201,41,PR,Cerro Azul,16240,-26.0891,-52.8691
4105300,41,PR,Céu Azul,11251,-25.1489,-53.8415
4105409,41,PR,Chopinzinho,21559,-25.8515,-52.5173
4105508,41,PR,Cianorte,82359,-23.6599,-52.6054
4105607,41,PR,Cidade Gaúcha,11684,-23.3772,-52.9436
4105706,41,PR,Clevelândia,14975,-26.4043,-52.3508
4105805,41,PR,Colombo,240720,-25.2925,-49.2262
4105904,41,PR,Colorado,23278,-22.8374,-51.9743
4106001,41,PR,Congonhinhas,8442,-23.5493,-50.5569
4106100,41,PR,Conselheiro Mairinck,3486,-23.623,-50.1707
4106209,41,PR,Contenda,19827,-25.6788,-49.535
4106308,41,PR,Corbélia,17862,-24.7971,-53.3006
4106407,41,PR,Cornélio Procópio,45830,-23.1829,-50.6498
4106456,41,PR,Coronel Domingos Soares,5516,-26.2277,-52.0356
4106506,41,PR,Coronel Vivida,23859,-25.9767,-52.5641
4106555,41,PR,Corumbataí do Sul,3780,-24.101,-52.1177
4106571,41,PR,Cruzeiro do Iguaçu,4171,-25.6192,-53.1285
4106605,41,PR,Cruzeiro do Oeste,24622,-23.7799,-53.0774
4106704,41,PR,Cruzeiro do Sul,4547,-22.9624,-52.1622
4106803,41,PR,Cruz Machado,15910,-26.0166,-51.343
4106852,41,PR,Cruzmaltina,2896,-24.0132,-51.4563
4106902,41,PR,Curitiba,1829225,-25.4195,-49.2646
4107009,41,PR,Curiúva,13802,-24.0362,-50.4576
4107108,41,PR,Diamante do Norte,5164,-22.655,-52.8617
4107124,41,PR,Diamante do Sul,3170,-25.035,-52.6768
4107157,41,PR,Diamante D'Oeste,4557,-24.9419,-54.1052
4107207,41,PR,Dois Vizinhos,47014,-25.7407,-53.057
4107256,41,PR,Douradina,9525,-23.3807,-53.2918
4107306,41,PR,Doutor Camargo,6484,-23.5582,-52.2178
4107405,41,PR,Enéas Marques,6070,-25.9445,-53.1659
4107504,41,PR,Engenheiro Beltrão,12431,-23.797,-52.2659
4107520,41,PR,Esperança Nova,1858,-23.7238,-53.811
4107538,41,PR,Entre Rios do Oeste,4729,-24.7042,-54.2385
4107546,41,PR,Espigão Alto do Iguaçu,4881,-25.4216,-52.8348
4107553,41,PR,Farol,3023,-24.0958,-52.6217
4107603,41,PR,Faxinal,16618,-24.0077,-51.3227
4107652,41,PR,Fazenda Rio Grande,161506,-25.6624,-49.3073
4107702,41,PR,Fênix,4512,-23.9135,-51.9805
4107736,41,PR,Fernandes Pinheiro,6387,-25.4107,-50.5456
4107751,41,PR,Figueira,8144,-23.8455,-50.4031
4107801,41,PR,Floraí,4825,-23.3178,-52.3029
4107850,41,PR,Flor da Serra do Sul,4367,-26.2523,-53.3092
4107900,41,PR,Floresta,11226,-23.6031,-52.0807
4108007,41,PR,Florestópolis,11639,-22.8623,-51.3882
4108106,41,PR,Flórida,2704,-23.0847,-51.9546
4108205,41,PR,Formosa do Oeste,7756,-24.2951,-53.3114
4108304,41,PR,Foz do Iguaçu,295500,-25.5427,-54.5827
4108320,41,PR,Francisco Alves,8464,-24.0667,-53.8461
4108403,41,PR,Francisco Beltrão,101302,-26.0817,-53.0535
4108452,41,PR,Foz do Jordão,4925,-25.7371,-52.1188
4108502,41,PR,General Carneiro,10861,-26.425,-51.3172
4108551,41,PR,Godoy Moreira,2970,-24.173,-51.9246
4108601,41,PR,Goioerê,28970,-24.1835,-53.0248
4108650,41,PR,Goioxim,6531,-25.1927,-51.9911
4108700,41,PR,Grandes Rios,5586,-24.1466,-51.5094
4108809,41,PR,Guaíra,32966,-24.085,-54.2573
4108908,41,PR,Guairaçá,6733,-22.932,-52.6906
4108957,41,PR,Guamiranga,7961,-25.1912,-50.8021
4109005,41,PR,Guapirama,4792,-23.5203,-50.0407
4109104,41,PR,Guaporema,2217,-23.3402,-52.7786
4109203,41,PR,Guaraci,4762,-22.9694,-51.6504
4109302,41,PR,Guaraniaçu,13814,-25.0968,-52.8755
4109401,41,PR,Guarapuava,188710,-25.3902,-51.4623
4109500,41,PR,Guaraqueçaba,7474,-25.3071,-48.3204
4109609,41,PR,Guaratuba,44323,-25.8817,-48.5752
4109658,41,PR,Honório Serpa,4872,-26.139,-52.3848
4109708,41,PR,Ibaiti,29440,-23.8478,-50.1932
4109757,41,PR,Ibema,6327,-25.1193,-53.0072
4109807,41,PR,Ibiporã,53054,-23.2659,-51.0522
4109906,41,PR,Icaraíma,9139,-23.3944,-53.615
4110003,41,PR,Iguaraçu,5599,-23.1949,-51.8256
4110052,41,PR,Iguatu,2162,-24.7153,-53.0827
4110078,41,PR,Imbaú,14815,-24.448,-50.7533
4110102,41,PR,Imbituva,30757,-25.2285,-50.5989
4110201,41,PR,Inácio Martins,9633,-25.5704,-51.0769
4110300,41,PR,Inajá,2510,-22.7509,-52.1995
4110409,41,PR,Indianópolis,4531,-23.4762,-52.6989
4110508,41,PR,Ipiranga,14338,-25.0238,-50.5794
4110607,41,PR,Iporã,16062,-24.0083,-53.706
4110656,41,PR,Iracema do Oeste,2344,-24.4262,-53.3528
4110706,41,PR,Irati,60796,-25.4697,-50.6493
4110805,41,PR,Iretama,10843,-24.4253,-52.1012
4110904,41,PR,Itaguajé,4532,-22.6183,-51.9674
4110953,41,PR,Itaipulândia,11984,-25.1366,-54.3001
4111001,41,PR,Itambaracá,5874,-23.0181,-50.4097
4111100,41,PR,Itambé,6215,-23.6601,-51.9912
4111209,41,PR,Itapejara d'Oeste,12766,-25.9619,-52.8152
4111258,41,PR,Itaperuçu,32890,-25.2193,-49.3454
4111308,41,PR,Itaúna do Sul,3620,-22.7289,-52.8874
4111407,41,PR,Ivaí,13473,-25.0067,-50.857
4111506,41,PR,Ivaiporã,33529,-24.2485,-51.6754
4111555,41,PR,Ivaté,6833,-23.4072,-53.3687
4111605,41,PR,Ivatuba,2705,-23.6187,-52.2203
4111704,41,PR,Jaboti,5576,-23.7435,-50.0729
4111803,41,PR,Jacarezinho,41400,-23.1591,-49.9739
4111902,41,PR,Jaguapitã,15719,-23.1104,-51.5342
4112009,41,PR,Jaguariaíva,36231,-24.2439,-49.7066
4112108,41,PR,Jandaia do Sul,21851,-23.6011,-51.6448
4112207,41,PR,Janiópolis,5835,-24.1401,-52.7784
4112306,41,PR,Japira,5060,-23.8142,-50.1422
4112405,41,PR,Japurá,9354,-23.4693,-52.5557
4112504,41,PR,Jardim Alegre,12130,-24.1809,-51.6902
4112603,41,PR,Jardim Olinda,1353,-22.5523,-52.0503
4112702,41,PR,Jataizinho,11971,-23.2578,-50.9777
4112751,41,PR,Jesuítas,10860,-24.3839,-53.3849
4112801,41,PR,Joaquim Távora,12280,-23.4987,-49.909
4112900,41,PR,Jundiaí do Sul,3366,-23.4357,-50.2496
4112959,41,PR,Juranda,7898,-24.4209,-52.8413
4113007,41,PR,Jussara,6795,-23.6219,-52.4693
4113106,41,PR,Kaloré,4657,-23.8188,-51.6687
4113205,41,PR,Lapa,45857,-25.7671,-49.7168
4113254,41,PR,Laranjal,5575,-24.8862,-52.47
4113304,41,PR,Laranjeiras do Sul,33103,-25.4077,-52.4109
4113403,41,PR,Leópolis,3751,-23.0818,-50.7511
4113429,41,PR,Lidianópolis,3989,-24.11,-51.6506
4113452,41,PR,Lindoeste,5226,-25.2596,-53.5733
4113502,41,PR,Loanda,23813,-22.9232,-53.1362
4113601,41,PR,Lobato,4693,-23.0058,-51.9524
4113700,41,PR,Londrina,577318,-23.304,-51.1691
4113734,41,PR,Luiziana,6696,-24.2853,-52.269
4113759,41,PR,Lunardelli,4902,-24.0821,-51.7368
4113809,41,PR,Lupionópolis,4911,-22.755,-51.6601
4113908,41,PR,Mallet,13655,-25.8806,-50.8173
4114005,41,PR,Mamborê,13572,-24.317,-52.5271
4114104,41,PR,Mandaguaçu,33752,-23.3458,-52.0944
4114203,41,PR,Mandaguari,38050,-23.5446,-51.671
4114302,41,PR,Mandirituba,28761,-25.777,-49.3282
4114351,41,PR,Manfrinópolis,2761,-26.1441,-53.3113
4114401,41,PR,Mangueirinha,16764,-25.9421,-52.1743
4114500,41,PR,Manoel Ribas,14576,-24.5144,-51.6658
4114609,41,PR,Marechal Cândido Rondon,58140,-24.557,-54.0571
4114708,41,PR,Maria Helena,5935,-23.6158,-53.2053
4114807,41,PR,Marialva,44098,-23.4843,-51.7928
4114906,41,PR,Marilândia do Sul,8774,-23.7425,-51.3137
4115002,41,PR,Marilena,7409,-22.7336,-53.0402
4115101,41,PR,Mariluz,9934,-24.0089,-53.1432
4115200,41,PR,Maringá,425983,-23.4205,-51.9333
4115309,41,PR,Mariópolis,6475,-26.355,-52.5532
4115358,41,PR,Maripá,6767,-24.42,-53.8286
4115408,41,PR,Marmeleiro,16386,-26.1472,-53.0267
4115457,41,PR,Marquinho,4521,-25.112,-52.2497
4115507,41,PR,Marumbi,4778,-23.7058,-51.6404
4115606,41,PR,Matelândia,19022,-25.2496,-53.9935
4115705,41,PR,Matinhos,41416,-25.8237,-48.549
4115739,41,PR,Mato Rico,3237,-24.6995,-52.1454
4115754,41,PR,Mauá da Serra,9628,-23.8988,-51.2277
4115804,41,PR,Medianeira,57120,-25.2977,-54.0943
4115853,41,PR,Mercedes,6136,-24.4538,-54.1618
4115903,41,PR,Mirador,2258,-23.255,-52.7761
4116000,41,PR,Miraselva,2008,-22.9657,-51.4846
4116059,41,PR,Missal,11301,-25.0919,-54.2477
4116109,41,PR,Moreira Sales,11137,-24.0509,-53.0102
4116208,41,PR,Morretes,18908,-25.4744,-48.8345
4116307,41,PR,Munhoz de Melo,4045,-23.1487,-51.7737
4116406,41,PR,Nossa Senhora das Graças,3685,-22.9129,-51.7978
4116505,41,PR,Nova Aliança do Ivaí,1327,-23.1763,-52.6032
4116604,41,PR,Nova América da Colina,3299,-23.3308,-50.7168
4116703,41,PR,Nova Aurora,14219,-24.5289,-53.2575
4116802,41,PR,Nova Cantu,6799,-24.6723,-52.5661
4116901,41,PR,Nova Esperança,27142,-23.182,-52.2031
4116950,41,PR,Nova Esperança do Sudoeste,5744,-25.9004,-53.2618
4117008,41,PR,Nova Fátima,7201,-23.4324,-50.5665
4117057,41,PR,Nova Laranjeiras,12287,-25.3054,-52.5447
4117107,41,PR,Nova Londrina,13085,-22.7639,-52.9868
4117206,41,PR,Nova Olímpia,5960,-23.4703,-53.0898
4117214,41,PR,Nova Santa Bárbara,4280,-23.5865,-50.7598
4117222,41,PR,Nova Santa Rosa,8535,-24.4693,-53.9552
4117255,41,PR,Nova Prata do Iguaçu,13196,-25.6309,-53.3469
4117271,41,PR,Nova Tebas,6870,-24.438,-51.9454
4117297,41,PR,Novo Itacolomi,3210,-23.7631,-51.5079
4117305,41,PR,Ortigueira,24627,-24.2058,-50.9185
4117404,41,PR,Ourizona,3206,-23.4053,-52.1964
4117453,41,PR,Ouro Verde do Oeste,7031,-24.7933,-53.9043
4117503,41,PR,Paiçandu,48207,-23.4555,-52.046
4117602,41,PR,Palmas,49891,-26.4839,-51.9888
4117701,41,PR,Palmeira,34806,-25.4257,-50.007
4117800,41,PR,Palmital,12967,-24.8853,-52.2029
4117909,41,PR,Palotina,36623,-24.2868,-53.8404
4118006,41,PR,Paraíso do Norte,13634,-23.2824,-52.6054
4118105,41,PR,Paranacity,9597,-22.9297,-52.1549
4118204,41,PR,Paranaguá,149819,-25.5161,-48.5225
4118303,41,PR,Paranapoema,2378,-22.6412,-52.0905
4118402,41,PR,Paranavaí,95525,-23.0816,-52.4617
4118451,41,PR,Pato Bragado,5939,-24.6271,-54.2265
4118501,41,PR,Pato Branco,96602,-26.2292,-52.6706
4118600,41,PR,Paula Freitas,5778,-26.2105,-50.931
4118709,41,PR,Paulo Frontin,6369,-26.0466,-50.8304
4118808,41,PR,Peabiru,13496,-23.914,-52.3431
4118857,41,PR,Perobal,7496,-23.8949,-53.4098
4118907,41,PR,Pérola,12275,-23.8039,-53.6834
4119004,41,PR,Pérola d'Oeste,6235,-25.8278,-53.7433
4119103,41,PR,Piên,14179,-26.0965,-49.4336
4119152,41,PR,Pinhais,131199,-25.4429,-49.1927
4119202,41,PR,Pinhalão,6707,-23.7982,-50.0536
4119251,41,PR,Pinhal de São Bento,2819,-26.0324,-53.482
4119301,41,PR,Pinhão,30472,-25.6944,-51.6536
4119400,41,PR,Piraí do Sul,24000,-24.5306,-49.9433
4119509,41,PR,Piraquara,124934,-25.4422,-49.0624
4119608,41,PR,Pitanga,34513,-24.7588,-51.7596
4119657,41,PR,Pitangueiras,3121,-23.2281,-51.5873
4119707,41,PR,Planaltina do Paraná,4123,-23.0101,-52.9162
4119806,41,PR,Planalto,14663,-25.7211,-53.7642
4119905,41,PR,Ponta Grossa,372562,-25.0916,-50.1668
4119954,41,PR,Pontal do Paraná,32426,-25.6735,-48.5111
4120002,41,PR,Porecatu,11438,-22.7537,-51.3795
4120101,41,PR,Porto Amazonas,4099,-25.54,-49.8946
4120150,41,PR,Porto Barreiro,3078,-25.5477,-52.4067
4120200,41,PR,Porto Rico,3316,-22.7747,-53.2677
4120309,41,PR,Porto Vitória,3549,-26.1674,-51.231
4120333,41,PR,Prado Ferreira,3799,-23.0357,-51.4429
4120358,41,PR,Pranchita,5833,-26.0209,-53.7397
4120408,41,PR,Presidente Castelo Branco,4336,-23.2782,-52.1536
4120507,41,PR,Primeiro de Maio,10121,-22.8517,-51.0293
4120606,41,PR,Prudentópolis,50428,-25.2111,-50.9754
4120655,41,PR,Quarto Centenário,4170,-24.2775,-53.0759
4120705,41,PR,Quatiguá,8357,-23.5671,-49.916
4120804,41,PR,Quatro Barras,25109,-25.3673,-49.0763
4120853,41,PR,Quatro Pontes,4636,-24.5752,-53.9759
4120903,41,PR,Quedas do Iguaçu,31405,-25.4492,-52.9102
4121000,41,PR,Querência do Norte,10693,-23.0838,-53.483
4121109,41,PR,Quinta do Sol,5060,-23.8533,-52.1309
4121208,41,PR,Quitandinha,18823,-25.8734,-49.4973
4121257,41,PR,Ramilândia,4293,-25.1195,-54.023
4121307,41,PR,Rancho Alegre,3501,-23.0676,-50.9145
4121356,41,PR,Rancho Alegre D'Oeste,2638,-24.3065,-52.9552
4121406,41,PR,Realeza,19903,-25.7711,-53.526
4121505,41,PR,Rebouças,14754,-25.6232,-50.6877
4121604,41,PR,Renascença,6946,-26.1588,-52.9703
4121703,41,PR,Reserva,24851,-24.6492,-50.8466
4121752,41,PR,Reserva do Iguaçu,6543,-25.8319,-52.0272
4121802,41,PR,Ribeirão Claro,12770,-23.1941,-49.7597
4121901,41,PR,Ribeirão do Pinhal,13180,-23.4091,-50.3601
4122008,41,PR,Rio Azul,14214,-25.7306,-50.7985
4122107,41,PR,Rio Bom,3223,-23.7606,-51.4122
4122156,41,PR,Rio Bonito do Iguaçu,14234,-25.4874,-52.5292
4122172,41,PR,Rio Branco do Ivaí,3850,-24.3244,-51.3187
4122206,41,PR,Rio Branco do Sul,39307,-25.1892,-49.3115
4122305,41,PR,Rio Negro,31992,-26.095,-49.7982
4122404,41,PR,Rolândia,74935,-23.3101,-51.3659
4122503,41,PR,Roncador,11371,-24.5958,-52.2716
4122602,41,PR,Rondon,9240,-23.412,-52.7659
4122651,41,PR,Rosário do Ivaí,5491,-24.2682,-51.272
4122701,41,PR,Sabáudia,9320,-23.3155,-51.555
4122800,41,PR,Salgado Filho,4097,-26.1777,-53.3631
4122909,41,PR,Salto do Itararé,5267,-23.6074,-49.6354
4123006,41,PR,Salto do Lontra,15636,-25.7813,-53.3135
4123105,41,PR,Santa Amélia,3386,-23.2654,-50.4288
4123204,41,PR,Santa Cecília do Pavão,3375,-23.5201,-50.7835
4123303,41,PR,Santa Cruz de Monte Castelo,8806,-22.9582,-53.2949
4123402,41,PR,Santa Fé,11669,-23.04,-51.808
4123501,41,PR,Santa Helena,26341,-24.8585,-54.336
4123600,41,PR,Santa Inês,1760,-22.6376,-51.9024
4123709,41,PR,Santa Isabel do Ivaí,9059,-23.0025,-53.1989
4123808,41,PR,Santa Izabel do Oeste,14385,-25.8217,-53.4801
4123824,41,PR,Santa Lúcia,3657,-25.4104,-53.5638
4123857,41,PR,Santa Maria do Oeste,9985,-24.9377,-51.8696
4123907,41,PR,Santa Mariana,11034,-23.1465,-50.5167
4123956,41,PR,Santa Mônica,3373,-23.108,-53.1103
4124004,41,PR,Santana do Itararé,5628,-23.7587,-49.6293
4124020,41,PR,Santa Tereza do Oeste,13749,-25.0543,-53.6274
4124053,41,PR,Santa Terezinha de Itaipu,25055,-25.4391,-54.402
4124103,41,PR,Santo Antônio da Platina,45534,-23.2959,-50.0815
4124202,41,PR,Santo Antônio do Caiuá,2496,-22.7351,-52.344
4124301,41,PR,Santo Antônio do Paraíso,2116,-23.4969,-50.6455
4124400,41,PR,Santo Antônio do Sudoeste,24644,-26.0737,-53.7251
4124509,41,PR,Santo Inácio,6397,-22.6957,-51.7969
4124608,41,PR,São Carlos do Ivaí,6712,-23.3158,-52.4761
4124707,41,PR,São Jerônimo da Serra,10913,-23.7218,-50.7475
4124806,41,PR,São João,12230,-25.8214,-52.7252
4124905,41,PR,São João do Caiuá,5620,-22.8535,-52.3411
4125001,41,PR,São João do Ivaí,10700,-23.9833,-51.8215
4125100,41,PR,São João do Triunfo,13923,-25.683,-50.2949
4125209,41,PR,São Jorge d'Oeste,9550,-25.7085,-52.9204
4125308,41,PR,São Jorge do Ivaí,5193,-23.4336,-52.2929
4125357,41,PR,São Jorge do Patrocínio,6659,-23.7647,-53.8823
4125407,41,PR,São José da Boa Vista,6060,-23.9122,-49.6577
4125456,41,PR,São José das Palmeiras,4030,-24.8369,-54.0572
4125506,41,PR,São José dos Pinhais,345644,-25.5313,-49.2031
4125555,41,PR,São Manoel do Paraná,2173,-23.3941,-52.6454
4125605,41,PR,São Mateus do Sul,43413,-25.8677,-50.384
4125704,41,PR,São Miguel do Iguaçu,30198,-25.3492,-54.2405
4125753,41,PR,São Pedro do Iguaçu,5769,-24.9373,-53.8521
4125803,41,PR,São Pedro do Ivaí,8611,-23.8634,-51.8568
4125902,41,PR,São Pedro do Paraná,2722,-22.8239,-53.2241
4126009,41,PR,São Sebastião da Amoreira,8100,-23.4656,-50.7625
4126108,41,PR,São Tomé,5290,-23.5349,-52.5901
4126207,41,PR,Sapopema,6784,-23.9078,-50.5801
4126256,41,PR,Sarandi,125785,-23.4441,-51.876
4126272,41,PR,Saudade do Iguaçu,6342,-25.6917,-52.6184
4126306,41,PR,Sengés,17344,-24.1129,-49.4616
4126355,41,PR,Serranópolis do Iguaçu,5138,-25.3799,-54.0518
4126405,41,PR,Sertaneja,5667,-23.0361,-50.8317
4126504,41,PR,Sertanópolis,16183,-23.0571,-51.0399
4126603,41,PR,Siqueira Campos,23712,-23.6875,-49.8304
4126652,41,PR,Sulina,3495,-25.7066,-52.7299
4126678,41,PR,Tamarana,10645,-23.7204,-51.0991
4126702,41,PR,Tamboara,4979,-23.2036,-52.4743
4126801,41,PR,Tapejara,16255,-23.7315,-52.8735
4126900,41,PR,Tapira,5813,-23.3193,-53.0684
4127007,41,PR,Teixeira Soares,9581,-25.3701,-50.4571
4127106,41,PR,Telêmaco Borba,77182,-24.3245,-50.6176
4127205,41,PR,Terra Boa,18048,-23.7683,-52.447
4127304,41,PR,Terra Rica,14989,-22.7111,-52.6188
4127403,41,PR,Terra Roxa,18548,-24.1575,-54.0988
4127502,41,PR,Tibagi,20304,-24.5153,-50.4176
4127601,41,PR,Tijucas do Sul,18279,-25.9311,-49.195
4127700,41,PR,Toledo,158620,-24.7246,-53.7412
4127809,41,PR,Tomazina,8495,-23.7796,-49.9499
4127858,41,PR,Três Barras do Paraná,11197,-25.4185,-53.1833
4127882,41,PR,Tunas do Paraná,6302,-24.9731,-49.0879
4127908,41,PR,Tuneiras do Oeste,8095,-23.8648,-52.8769
4127957,41,PR,Tupãssi,8204,-24.5879,-53.5105
4127965,41,PR,Turvo,14443,-25.0437,-51.5282
4128005,41,PR,Ubiratã,25517,-24.5393,-52.9865
4128104,41,PR,Umuarama,121972,-23.7656,-53.3201
4128203,41,PR,União da Vitória,56397,-26.2273,-51.0873
4128302,41,PR,Uniflor,2121,-23.0868,-52.1573
4128401,41,PR,Uraí,10407,-23.2,-50.7939
4128500,41,PR,Wenceslau Braz,19430,-23.8742,-49.8032
4128534,41,PR,Ventania,9779,-24.2458,-50.2376
4128559,41,PR,Vera Cruz do Oeste,8227,-25.0577,-53.8771
4128609,41,PR,Verê,8051,-25.8772,-52.9051
4128625,41,PR,Alto Paraíso,3077,-26.1146,-52.7469
4128633,41,PR,Doutor Ulysses,5773,-24.5665,-49.4219
4128658,41,PR,Virmond,3842,-25.3829,-52.1987
4128708,41,PR,Vitorino,10280,-26.2683,-52.7843
4128807,41,PR,Xambrê,5851,-23.7364,-53.4884
4200051,42,SC,Abdon Batista,2633,-27.6126,-51.0233
4200101,42,SC,Abelardo Luz,17736,-26.5716,-52.3229
4200200,42,SC,Agrolândia,11491,-27.4087,-49.822
4200309,42,SC,Agronômica,6394,-27.2662,-49.708
4200408,42,SC,Água Doce,6625,-26.9985,-51.5528
4200507,42,SC,Águas de Chapecó,6128,-27.0754,-52.9808
4200556,42,SC,Águas Frias,2963,-26.8794,-52.8568
4200606,42,SC,Águas Mornas,7082,-27.6963,-48.8243
4200705,42,SC,Alfredo Wagner,10862,-27.7001,-49.3273
4200754,42,SC,Alto Bela Vista,1860,-27.4333,-51.9044
4200804,42,SC,Anchieta,5984,-26.5382,-53.3319
4200903,42,SC,Angelina,5472,-27.5704,-48.9879
4201000,42,SC,Anita Garibaldi,8367,-27.6897,-51.1271
4201109,42,SC,Anitápolis,3726,-27.9012,-49.1316
4201208,42,SC,Antônio Carlos,12118,-27.5191,-48.766
4201257,42,SC,Apiúna,10020,-27.0375,-49.3885
4201273,42,SC,Arabutã,4487,-27.1587,-52.1423
4201307,42,SC,Araquari,50178,-26.3754,-48.7188
4201406,42,SC,Araranguá,75597,-28.9356,-49.4918
4201505,42,SC,Armazém,9188,-28.2448,-49.0215
4201604,42,SC,Arroio Trinta,3628,-26.9257,-51.3407
4201653,42,SC,Arvoredo,2600,-27.0748,-52.4543
4201703,42,SC,Ascurra,8635,-26.9548,-49.3783
4201802,42,SC,Atalanta,3270,-27.4219,-49.7789
4201901,42,SC,Aurora,7127,-27.3098,-49.6295
4201950,42,SC,Balneário Arroio do Silva,17215,-28.9806,-49.4237
4202008,42,SC,Balneário Camboriú,148758,-26.9926,-48.6352
4202057,42,SC,Balneário Barra do Sul,16360,-26.4597,-48.6123
4202073,42,SC,Balneário Gaivota,17306,-29.1527,-49.5841
4202081,42,SC,Bandeirante,3243,-26.7705,-53.6413
4202099,42,SC,Barra Bonita,1662,-26.654,-53.44
4202107,42,SC,Barra Velha,50730,-26.637,-48.6933
4202131,42,SC,Bela Vista do Toldo,5950,-26.2746,-50.4664
4202156,42,SC,Belmonte,2709,-26.843,-53.5758
4202206,42,SC,Benedito Novo,10738,-26.781,-49.3593
4202305,42,SC,Biguaçu,82028,-27.496,-48.6598
4202404,42,SC,Blumenau,380597,-26.9155,-49.0709
4202438,42,SC,Bocaina do Sul,3618,-27.7455,-49.9423
4202453,42,SC,Bombinhas,27732,-27.1382,-48.5146
4202503,42,SC,Bom Jardim da Serra,4028,-28.3377,-49.6373
4202537,42,SC,Bom Jesus,2872,-26.7326,-52.3919
4202578,42,SC,Bom Jesus do Oeste,2234,-26.6927,-53.0967
4202602,42,SC,Bom Retiro,8468,-27.799,-49.487
4202701,42,SC,Botuverá,5623,-27.2007,-49.0689
4202800,42,SC,Braço do Norte,35534,-28.2681,-49.1701
4202859,42,SC,Braço do Trombudo,4203,-27.3586,-49.8821
4202875,42,SC,Brunópolis,2466,-27.3058,-50.8684
4202909,42,SC,Brusque,151949,-27.0977,-48.9107
4203006,42,SC,Caçador,75998,-26.7757,-51.012
4203105,42,SC,Caibi,6431,-27.0741,-53.2458
4203154,42,SC,Calmon,3513,-26.5942,-51.095
4203204,42,SC,Camboriú,113525,-27.0241,-48.6503
4203253,42,SC,Capão Alto,2647,-27.9389,-50.5098
4203303,42,SC,Campo Alegre,12815,-26.195,-49.2676
4203402,42,SC,Campo Belo do Sul,7342,-27.8975,-50.7595
4203501,42,SC,Campo Erê,9838,-26.3931,-53.0856
4203600,42,SC,Campos Novos,38656,-27.4002,-51.2276
4203709,42,SC,Canelinha,13413,-27.2616,-48.7658
4203808,42,SC,Canoinhas,56721,-26.1766,-50.395
4203907,42,SC,Capinzal,24176,-27.3473,-51.6057
4203956,42,SC,Capivari de Baixo,24799,-28.4498,-48.9631
4204004,42,SC,Catanduvas,10938,-27.069,-51.6602
4204103,42,SC,Caxambu do Sul,4732,-27.1624,-52.8807
4204152,42,SC,Celso Ramos,2860,-27.6327,-51.335
4204178,42,SC,Cerro Negro,3326,-27.7942,-50.8673
4204194,42,SC,Chapadão do Lageado,3036,-27.5905,-49.5539
4204202,42,SC,Chapecó,275959,-27.1004,-52.6152
4204251,42,SC,Cocal do Sul,17912,-28.5986,-49.3335
4204301,42,SC,Concórdia,85982,-27.2335,-52.026
4204350,42,SC,Cordilheira Alta,5099,-26.9844,-52.6056
4204400,42,SC,Coronel Freitas,10583,-26.9057,-52.7011
4204459,42,SC,Coronel Martins,2028,-26.511,-52.6694
4204509,42,SC,Corupá,15781,-26.4246,-49.246
4204558,42,SC,Correia Pinto,16163,-27.5877,-50.3614
4204608,42,SC,Criciúma,225281,-28.6723,-49.3729
4204707,42,SC,Cunha Porã,11208,-26.895,-53.1662
4204756,42,SC,Cunhataí,2018,-26.9709,-53.0895
4204806,42,SC,Curitibanos,41512,-27.2824,-50.5816
4204905,42,SC,Descanso,8660,-26.827,-53.5034
4205001,42,SC,Dionísio Cerqueira,15294,-26.2648,-53.6351
4205100,42,SC,Dona Emma,4388,-26.981,-49.7261
4205159,42,SC,Doutor Pedrinho,3719,-26.7174,-49.4795
4205175,42,SC,Entre Rios,3525,-26.7225,-52.5585
4205191,42,SC,Ermo,2349,-28.9869,-49.643
4205209,42,SC,Erval Velho,5081,-27.2743,-51.443
4205308,42,SC,Faxinal dos Guedes,11486,-26.8451,-52.2596
4205357,42,SC,Flor do Sertão,1850,-26.7811,-53.3505
4205407,42,SC,Florianópolis,576361,-27.5945,-48.5477
4205431,42,SC,Formosa do Sul,2743,-26.6453,-52.7946
4205456,42,SC,Forquilhinha,33929,-28.7454,-49.4785
4205506,42,SC,Fraiburgo,34148,-27.0233,-50.92
4205555,42,SC,Frei Rogério,2442,-27.175,-50.8076
4205605,42,SC,Galvão,3200,-26.4549,-52.6875
4205704,42,SC,Garopaba,32962,-28.0275,-48.6192
4205803,42,SC,Garuva,19554,-26.0292,-48.852
4205902,42,SC,Gaspar,76982,-26.9336,-48.9534
4206009,42,SC,Governador Celso Ramos,17920,-27.3172,-48.5576
4206108,42,SC,Grão-Pará,6397,-28.1809,-49.2252
4206207,42,SC,Gravatal,12989,-28.3208,-49.0427
4206306,42,SC,Guabiruba,26082,-27.0808,-48.9804
4206405,42,SC,Guaraciaba,11040,-26.6042,-53.5243
4206504,42,SC,Guaramirim,49941,-26.4688,-49.0026
4206603,42,SC,Guarujá do Sul,4899,-26.3858,-53.5296
4206652,42,SC,Guatambú,9267,-27.1341,-52.7887
4206702,42,SC,Herval d'Oeste,22173,-27.1903,-51.4917
4206751,42,SC,Ibiam,2055,-27.1847,-51.2352
4206801,42,SC,Ibicaré,3304,-27.0881,-51.3681
4206900,42,SC,Ibirama,20663,-27.0547,-49.5193
4207007,42,SC,Içara,62455,-28.7132,-49.3087
4207106,42,SC,Ilhota,18197,-26.9023,-48.8251
4207205,42,SC,Imaruí,12127,-28.3339,-48.817
4207304,42,SC,Imbituba,56107,-28.2284,-48.6659
4207403,42,SC,Imbuia,6139,-27.4908,-49.4218
4207502,42,SC,Indaial,76333,-26.8992,-49.2354
4207577,42,SC,Iomerê,2953,-27.0019,-51.2442
4207601,42,SC,Ipira,4635,-27.4038,-51.7758
4207650,42,SC,Iporã do Oeste,9672,-26.9854,-53.5355
4207684,42,SC,Ipuaçu,8046,-26.635,-52.4556
4207700,42,SC,Ipumirim,8065,-27.0772,-52.1289
4207759,42,SC,Iraceminha,4005,-26.8215,-53.2767
4207809,42,SC,Irani,10497,-27.0287,-51.9012
4207858,42,SC,Irati,2100,-26.6539,-52.8955
4207908,42,SC,Irineópolis,10437,-26.242,-50.7957
4208005,42,SC,Itá,7310,-27.2907,-52.3212
4208104,42,SC,Itaiópolis,22741,-26.339,-49.9092
4208203,42,SC,Itajaí,287289,-26.9101,-48.6705
4208302,42,SC,Itapema,83330,-27.0861,-48.616
4208401,42,SC,Itapiranga,17149,-27.1659,-53.7166
4208450,42,SC,Itapoá,34546,-26.1158,-48.6182
4208500,42,SC,Ituporanga,28042,-27.4101,-49.5963
4208609,42,SC,Jaborá,4435,-27.1782,-51.7279
4208708,42,SC,Jacinto Machado,10813,-28.9961,-49.7623
4208807,42,SC,Jaguaruna,21284,-28.6146,-49.0296
4208906,42,SC,Jaraguá do Sul,195753,-26.4851,-49.0713
4208955,42,SC,Jardinópolis,1808,-26.7191,-52.8625
4209003,42,SC,Joaçaba,31509,-27.1721,-51.5108
4209102,42,SC,Joinville,654888,-26.3045,-48.8487
4209151,42,SC,José Boiteux,6307,-26.9566,-49.6286
4209177,42,SC,Jupiá,2675,-26.395,-52.7298
4209201,42,SC,Lacerdópolis,2296,-27.2579,-51.5577
4209300,42,SC,Lages,171609,-27.815,-50.3259
4209409,42,SC,Laguna,43992,-28.4843,-48.7772
4209458,42,SC,Lajeado Grande,1771,-26.8576,-52.5648
4209508,42,SC,Laurentino,8427,-27.2173,-49.7331
4209607,42,SC,Lauro Müller,14622,-28.3859,-49.4035
4209706,42,SC,Lebon Régis,11605,-26.928,-50.6921
4209805,42,SC,Leoberto Leal,3381,-27.5081,-49.2789
4209854,42,SC,Lindóia do Sul,4611,-27.0545,-52.069
4209904,42,SC,Lontras,13586,-27.1684,-49.535
4210001,42,SC,Luiz Alves,12126,-26.7151,-48.9322
4210035,42,SC,Luzerna,5931,-27.1304,-51.4682
4210050,42,SC,Macieira,1800,-26.8552,-51.3705
4210100,42,SC,Mafra,57023,-26.1159,-49.8086
4210209,42,SC,Major Gercino,3258,-27.4192,-48.9488
4210308,42,SC,Major Vieira,7545,-26.3709,-50.3266
4210407,42,SC,Maracajá,8213,-28.8463,-49.4605
4210506,42,SC,Maravilha,30155,-26.7665,-53.1737
4210555,42,SC,Marema,2219,-26.8024,-52.6264
4210605,42,SC,Massaranduba,17897,-26.6109,-49.0054
4210704,42,SC,Matos Costa,2795,-26.4709,-51.1501
4210803,42,SC,Meleiro,7127,-28.8244,-49.6378
4210852,42,SC,Mirim Doce,2554,-27.197,-50.0786
4210902,42,SC,Modelo,4156,-26.7729,-53.04
4211009,42,SC,Mondaí,10216,-27.1008,-53.4032
4211058,42,SC,Monte Carlo,9235,-27.2239,-50.9808
4211108,42,SC,Monte Castelo,7787,-26.461,-50.2327
4211207,42,SC,Morro da Fumaça,19265,-28.6511,-49.2169
4211256,42,SC,Morro Grande,3085,-28.8006,-49.7214
4211306,42,SC,Navegantes,93619,-26.8943,-48.6546
4211405,42,SC,Nova Erechim,5408,-26.8982,-52.9066
4211454,42,SC,Nova Itaberaba,4648,-26.9428,-52.8141
4211504,42,SC,Nova Trento,14252,-27.278,-48.9298
4211603,42,SC,Nova Veneza,13968,-28.6338,-49.5055
4211652,42,SC,Novo Horizonte,2670,-26.4442,-52.8281
4211702,42,SC,Orleans,24474,-28.3487,-49.2986
4211751,42,SC,Otacílio Costa,17780,-27.4789,-50.1231
4211801,42,SC,Ouro,7091,-27.3379,-51.6194
4211850,42,SC,Ouro Verde,2203,-26.692,-52.3108
4211876,42,SC,Paial,1992,-27.2541,-52.4975
4211892,42,SC,Painel,2228,-27.9234,-50.0972
4211900,42,SC,Palhoça,245477,-27.6455,-48.6697
4212007,42,SC,Palma Sola,7709,-26.3471,-53.2771
4212056,42,SC,Palmeira,2640,-27.583,-50.1577
4212106,42,SC,Palmitos,15812,-27.0702,-53.1586
4212205,42,SC,Papanduva,19667,-26.3777,-50.1419
4212239,42,SC,Paraíso,4376,-26.62,-53.6716
4212254,42,SC,Passo de Torres,14284,-29.3099,-49.722
4212270,42,SC,Passos Maia,4032,-26.7829,-52.0568
4212304,42,SC,Paulo Lopes,9661,-27.9607,-48.6864
4212403,42,SC,Pedras Grandes,4343,-28.4339,-49.1949
4212502,42,SC,Penha,36124,-26.7754,-48.6465
4212601,42,SC,Peritiba,3039,-27.3754,-51.9018
4212650,42,SC,Pescaria Brava,10531,-28.3966,-48.8864
4212700,42,SC,Petrolândia,6942,-27.5346,-49.6937
4212809,42,SC,Balneário Piçarras,29725,-26.7639,-48.6717
4212908,42,SC,Pinhalzinho,23379,-26.8495,-52.9913
4213005,42,SC,Pinheiro Preto,3598,-27.0483,-51.2243
4213104,42,SC,Piratuba,6053,-27.4242,-51.7668
4213153,42,SC,Planalto Alegre,3053,-27.0704,-52.867
4213203,42,SC,Pomerode,36392,-26.7384,-49.1785
4213302,42,SC,Ponte Alta,4430,-27.4835,-50.3764
4213351,42,SC,Ponte Alta do Norte,3249,-27.1591,-50.4659
4213401,42,SC,Ponte Serrada,10764,-26.8733,-52.0112
4213500,42,SC,Porto Belo,30590,-27.1586,-48.5469
4213609,42,SC,Porto União,33727,-26.2451,-51.0759
4213708,42,SC,Pouso Redondo,17836,-27.2567,-49.9301
4213807,42,SC,Praia Grande,8602,-29.1918,-49.9525
4213906,42,SC,Presidente Castello Branco,1711,-27.2218,-51.8089
4214003,42,SC,Presidente Getúlio,21293,-27.0474,-49.6246
4214102,42,SC,Presidente Nereu,2345,-27.2768,-49.3889
4214151,42,SC,Princesa,3054,-26.4441,-53.5994
4214201,42,SC,Quilombo,11359,-26.7264,-52.724
4214300,42,SC,Rancho Queimado,3435,-27.6727,-49.0191
4214409,42,SC,Rio das Antas,6386,-26.8946,-51.0674
4214508,42,SC,Rio do Campo,6613,-26.9452,-50.136
4214607,42,SC,Rio do Oeste,8008,-27.1952,-49.7989
4214706,42,SC,Rio dos Cedros,11163,-26.7398,-49.2718
4214805,42,SC,Rio do Sul,76390,-27.2156,-49.643
4214904,42,SC,Rio Fortuna,5006,-28.1244,-49.1068
4215000,42,SC,Rio Negrinho,40168,-26.2591,-49.5177
4215059,42,SC,Rio Rufino,2432,-27.8592,-49.7754
4215075,42,SC,Riqueza,4835,-27.0653,-53.3265
4215109,42,SC,Rodeio,13321,-26.9243,-49.3649
4215208,42,SC,Romelândia,4757,-26.6809,-53.3172
4215307,42,SC,Salete,7643,-26.9798,-49.9988
4215356,42,SC,Saltinho,3633,-26.6049,-53.0578
4215406,42,SC,Salto Veloso,4486,-26.903,-51.4043
4215455,42,SC,Sangão,13567,-28.6326,-49.1322
4215505,42,SC,Santa Cecília,15764,-26.9592,-50.4252
4215554,42,SC,Santa Helena,2473,-26.937,-53.6214
4215604,42,SC,Santa Rosa de Lima,2128,-28.0331,-49.133
4215653,42,SC,Santa Rosa do Sul,10288,-29.1313,-49.7109
4215679,42,SC,Santa Terezinha,8077,-26.7813,-50.009
4215687,42,SC,Santa Terezinha do Progresso,2562,-26.624,-53.1997
4215695,42,SC,Santiago do Sul,1714,-26.6388,-52.6799
4215703,42,SC,Santo Amaro da Imperatriz,29392,-27.6852,-48.7813
4215752,42,SC,São Bernardino,2719,-26.4739,-52.9687
4215802,42,SC,São Bento do Sul,86851,-26.2495,-49.3831
4215901,42,SC,São Bonifácio,2986,-27.9009,-48.9326
4216008,42,SC,São Carlos,10460,-27.0798,-53.0037
4216057,42,SC,São Cristóvão do Sul,6389,-27.2666,-50.4388
4216107,42,SC,São Domingos,9356,-26.5548,-52.5313
4216206,42,SC,São Francisco do Sul,55784,-26.2579,-48.6344
4216255,42,SC,São João do Oeste,6446,-27.0984,-53.5977
4216305,42,SC,São João Batista,34733,-27.2772,-48.8474
4216354,42,SC,São João do Itaperiú,4732,-26.6213,-48.7683
4216404,42,SC,São João do Sul,9126,-29.2154,-49.8094
4216503,42,SC,São Joaquim,26852,-28.2887,-49.9457
4216602,42,SC,São José,289949,-27.6136,-48.6366
4216701,42,SC,São José do Cedro,14491,-26.4561,-53.4955
4216800,42,SC,São José do Cerrito,8755,-27.6602,-50.5733
4216909,42,SC,São Lourenço do Oeste,25770,-26.3557,-52.8498
4217006,42,SC,São Ludgero,14211,-28.3144,-49.1806
4217105,42,SC,São Martinho,3501,-28.1609,-48.9867
4217154,42,SC,São Miguel da Boa Vista,1788,-26.687,-53.2511
4217204,42,SC,São Miguel do Oeste,46969,-26.7242,-53.5163
4217253,42,SC,São Pedro de Alcântara,6076,-27.5665,-48.8048
4217303,42,SC,Saudades,10680,-26.9317,-53.0021
4217402,42,SC,Schroeder,21273,-26.4116,-49.074
4217501,42,SC,Seara,19241,-27.1564,-52.299
4217550,42,SC,Serra Alta,3367,-26.7229,-53.0409
4217600,42,SC,Siderópolis,14087,-28.5955,-49.4314
4217709,42,SC,Sombrio,31397,-29.108,-49.6328
4217758,42,SC,Sul Brasil,2894,-26.7351,-52.964
4217808,42,SC,Taió,18808,-27.121,-49.9942
4217907,42,SC,Tangará,8189,-27.0996,-51.2473
4217956,42,SC,Tigrinhos,2480,-26.6876,-53.1545
4218004,42,SC,Tijucas,56674,-27.2354,-48.6322
4218103,42,SC,Timbé do Sul,5495,-28.8287,-49.842
4218202,42,SC,Timbó,48903,-26.8246,-49.269
4218251,42,SC,Timbó Grande,7503,-26.6127,-50.6607
4218301,42,SC,Três Barras,20373,-26.1056,-50.3197
4218350,42,SC,Treviso,3895,-28.5097,-49.4634
4218400,42,SC,Treze de Maio,7585,-28.5537,-49.1565
4218509,42,SC,Treze Tílias,9308,-27.0026,-51.4084
4218608,42,SC,Trombudo Central,7532,-27.3033,-49.793
4218707,42,SC,Tubarão,115495,-28.4713,-49.0144
4218756,42,SC,Tunápolis,5054,-26.9681,-53.6417
4218806,42,SC,Turvo,13492,-28.9272,-49.6831
4218855,42,SC,União do Oeste,2801,-26.762,-52.8541
4218905,42,SC,Urubici,11048,-28.0157,-49.5925
4218954,42,SC,Urupema,2735,-27.9557,-49.8729
4219002,42,SC,Urussanga,21395,-28.518,-49.3238
4219101,42,SC,Vargeão,3716,-26.8621,-52.1549
4219150,42,SC,Vargem,2632,-27.4867,-50.9724
4219176,42,SC,Vargem Bonita,4615,-27.0055,-51.7402
4219200,42,SC,Vidal Ramos,6275,-27.3886,-49.3593
4219309,42,SC,Videira,58299,-27.0086,-51.1543
4219358,42,SC,Vitor Meireles,5492,-26.8782,-49.8328
4219408,42,SC,Witmarsum,4451,-26.9275,-49.7947
4219507,42,SC,Xanxerê,54194,-26.8747,-52.4036
4219606,42,SC,Xavantina,3627,-27.0667,-52.343
4219705,42,SC,Xaxim,33902,-26.9596,-52.5374
4219853,42,SC,Zortéa,4170,-27.4521,-51.552
4220000,42,SC,Balneário Rincão,17226,-28.8314,-49.2352
4300034,43,RS,Aceguá,4253,-31.8665,-54.1615
4300059,43,RS,Água Santa,4000,-28.1672,-52.031
4300109,43,RS,Agudo,16346,-29.6447,-53.2515
4300208,43,RS,Ajuricaba,6848,-28.2342,-53.7757
4300307,43,RS,Alecrim,6228,-27.6579,-54.7649
4300406,43,RS,Alegrete,74329,-29.7902,-55.7949
4300455,43,RS,Alegria,3711,-27.8345,-54.0557
4300471,43,RS,Almirante Tamandaré do Sul,2008,-28.1149,-52.9142
4300505,43,RS,Alpestre,7243,-27.2502,-53.0341
4300554,43,RS,Alto Alegre,1837,-28.7769,-52.9893
4300570,43,RS,Alto Feliz,3143,-29.3919,-51.3123
4300604,43,RS,Alvorada,194116,-29.9914,-51.0809
4300638,43,RS,Amaral Ferrador,5394,-30.8756,-52.2509
4300646,43,RS,Ametista do Sul,7822,-27.3607,-53.183
4300661,43,RS,André da Rocha,1157,-28.6283,-51.5797
4300703,43,RS,Anta Gorda,6080,-28.9698,-52.0102
4300802,43,RS,Antônio Prado,13328,-28.8565,-51.2883
4300851,43,RS,Arambaré,4211,-30.9092,-51.5046
4300877,43,RS,Araricá,8794,-29.6168,-50.9291
4300901,43,RS,Aratiba,6618,-27.3978,-52.2975
4301008,43,RS,Arroio do Meio,22490,-29.4014,-51.9557
4301057,43,RS,Arroio do Sal,11384,-29.5439,-49.8895
4301073,43,RS,Arroio do Padre,2651,-31.4389,-52.4246
4301107,43,RS,Arroio dos Ratos,14923,-30.0875,-51.7275
4301206,43,RS,Arroio do Tigre,12296,-29.3348,-53.0966
4301305,43,RS,Arroio Grande,17887,-32.2327,-53.0862
4301404,43,RS,Arvorezinha,10545,-28.8737,-52.1781
4301503,43,RS,Augusto Pestana,7302,-28.5172,-53.9883
4301552,43,RS,Áurea,3460,-27.6936,-52.0505
4301602,43,RS,Bagé,121900,-31.3297,-54.0999
4301636,43,RS,Balneário Pinhal,15371,-30.2419,-50.2337
4301651,43,RS,Barão,6489,-29.3725,-51.4949
4301701,43,RS,Barão de Cotegipe,7313,-27.6208,-52.3798
4301750,43,RS,Barão do Triunfo,5983,-30.3891,-51.7384
4301800,43,RS,Barracão,4920,-27.6739,-51.4585
4301859,43,RS,Barra do Guarita,3230,-27.1927,-53.7109
4301875,43,RS,Barra do Quaraí,4337,-30.2029,-57.5497
4301909,43,RS,Barra do Ribeiro,12475,-30.2939,-51.3014
4301925,43,RS,Barra do Rio Azul,1724,-27.4069,-52.4084
4301958,43,RS,Barra Funda,2555,-27.9205,-53.0391
4302006,43,RS,Barros Cassal,9442,-29.0947,-52.5836
4302055,43,RS,Benjamin Constant do Sul,2120,-27.5086,-52.5995
4302105,43,RS,Bento Gonçalves,127775,-29.1662,-51.5165
4302154,43,RS,Boa Vista das Missões,1969,-27.6671,-53.3102
4302204,43,RS,Boa Vista do Buricá,7125,-27.6693,-54.1082
4302220,43,RS,Boa Vista do Cadeado,2271,-28.5791,-53.8108
4302238,43,RS,Boa Vista do Incra,2315,-28.8185,-53.391
4302253,43,RS,Boa Vista do Sul,2815,-29.3544,-51.6687
4302303,43,RS,Bom Jesus,11431,-28.6697,-50.4295
4302352,43,RS,Bom Princípio,13650,-29.4856,-51.3548
4302378,43,RS,Bom Progresso,2134,-27.5399,-53.8716
4302402,43,RS,Bom Retiro do Sul,12578,-29.6071,-51.9456
4302451,43,RS,Boqueirão do Leão,6215,-29.3046,-52.4284
4302501,43,RS,Bossoroca,5988,-28.7291,-54.9035
4302584,43,RS,Bozano,2195,-28.3659,-53.772
4302600,43,RS,Braga,3326,-27.6173,-53.7405
4302659,43,RS,Brochier,5079,-29.5501,-51.5945
4302709,43,RS,Butiá,19433,-30.1179,-51.9601
4302808,43,RS,Caçapava do Sul,33508,-30.5144,-53.4827
4302907,43,RS,Cacequi,11324,-29.8883,-54.822
4303004,43,RS,Cachoeira do Sul,82250,-30.033,-52.8928
4303103,43,RS,Cachoeirinha,141303,-29.9472,-51.1016
4303202,43,RS,Cacique Doble,4694,-27.767,-51.6597
4303301,43,RS,Caibaté,4797,-28.2905,-54.6454
4303400,43,RS,Caiçara,4933,-27.2791,-53.4257
4303509,43,RS,Camaquã,63959,-30.8489,-51.8043
4303558,43,RS,Camargo,3056,-28.588,-52.2003
4303608,43,RS,Cambará do Sul,6492,-29.0474,-50.1465
4303673,43,RS,Campestre da Serra,3311,-28.7926,-51.0941
4303707,43,RS,Campina das Missões,6001,-27.9888,-54.8416
4303806,43,RS,Campinas do Sul,5390,-27.7174,-52.6248
4303905,43,RS,Campo Bom,64704,-29.6747,-51.0606
4304002,43,RS,Campo Novo,5068,-27.6792,-53.8052
4304101,43,RS,Campos Borges,3693,-28.8871,-53.0008
4304200,43,RS,Candelária,29783,-29.6684,-52.7895
4304309,43,RS,Cândido Godói,6421,-27.9515,-54.7517
4304358,43,RS,Candiota,10992,-31.5516,-53.6773
4304408,43,RS,Canela,50613,-29.356,-50.8119
4304507,43,RS,Canguçu,50998,-31.396,-52.6783
4304606,43,RS,Canoas,359554,-29.9128,-51.1857
4304614,43,RS,Canudos do Vale,1687,-29.3271,-52.2374
4304622,43,RS,Capão Bonito do Sul,1769,-28.1254,-51.3961
4304630,43,RS,Capão da Canoa,66012,-29.7642,-50.0282
4304655,43,RS,Capão do Cipó,3186,-28.9312,-54.5558
4304663,43,RS,Capão do Leão,27389,-31.7565,-52.4889
4304671,43,RS,Capivari do Sul,4079,-30.1383,-50.5152
4304689,43,RS,Capela de Santana,11416,-29.6961,-51.328
4304697,43,RS,Capitão,2991,-29.2674,-51.9853
4304705,43,RS,Carazinho,63638,-28.2958,-52.7933
4304713,43,RS,Caraá,7553,-29.7869,-50.4316
4304804,43,RS,Carlos Barbosa,31528,-29.2969,-51.5028
4304853,43,RS,Carlos Gomes,1387,-27.7167,-51.9121
4304903,43,RS,Casca,9689,-28.5605,-51.9815
4304952,43,RS,Caseiros,3064,-28.2582,-51.6861
4305009,43,RS,Catuípe,8840,-28.2554,-54.0132
4305108,43,RS,Caxias do Sul,479256,-29.1629,-51.1792
4305116,43,RS,Centenário,2779,-27.7615,-51.9984
4305124,43,RS,Cerrito,5915,-31.8419,-52.8004
4305132,43,RS,Cerro Branco,3865,-29.657,-52.9406
4305157,43,RS,Cerro Grande,2429,-27.6106,-53.1672
4305173,43,RS,Cerro Grande do Sul,9343,-30.5905,-51.7418
4305207,43,RS,Cerro Largo,14009,-28.1463,-54.7428
4305306,43,RS,Chapada,9748,-28.0559,-53.0665
4305355,43,RS,Charqueadas,36109,-29.9625,-51.6289
4305371,43,RS,Charrua,2807,-27.9493,-52.015
4305405,43,RS,Chiapetta,3992,-27.923,-53.9419
4305439,43,RS,Chuí,6405,-33.6866,-53.4594
4305447,43,RS,Chuvisca,4686,-30.7504,-51.9737
4305454,43,RS,Cidreira,17538,-30.1604,-50.2337
4305504,43,RS,Ciríaco,4215,-28.3419,-51.8741
4305587,43,RS,Colinas,2474,-29.3948,-51.8556
4305603,43,RS,Colorado,3319,-28.5258,-52.9928
4305702,43,RS,Condor,6539,-28.2075,-53.4905
4305801,43,RS,Constantina,10623,-27.732,-52.9938
4305835,43,RS,Coqueiro Baixo,1311,-29.1802,-52.0942
4305850,43,RS,Coqueiros do Sul,2251,-28.1194,-52.7842
4305871,43,RS,Coronel Barros,2892,-28.3921,-54.0686
4305900,43,RS,Coronel Bicaco,6230,-27.7197,-53.7022
4305934,43,RS,Coronel Pilar,1638,-29.2695,-51.6847
4305959,43,RS,Cotiporã,3926,-28.9891,-51.6971
4305975,43,RS,Coxilha,2719,-28.128,-52.3023
4306007,43,RS,Crissiumal,13127,-27.4999,-54.0994
4306056,43,RS,Cristal,7454,-31.0046,-52.0436
4306072,43,RS,Cristal do Sul,2746,-27.452,-53.2422
4306106,43,RS,Cruz Alta,60486,-28.645,-53.6048
4306130,43,RS,Cruzaltense,1655,-27.6672,-52.6522
4306205,43,RS,Cruzeiro do Sul,12571,-29.5148,-51.9928
4306304,43,RS,David Canabarro,4403,-28.3849,-51.8482
4306320,43,RS,Derrubadas,2797,-27.2642,-53.8645
4306353,43,RS,Dezesseis de Novembro,2544,-28.219,-55.0617
4306379,43,RS,Dilermando de Aguiar,2859,-29.7054,-54.2122
4306403,43,RS,Dois Irmãos,31769,-29.5836,-51.0898
4306429,43,RS,Dois Irmãos das Missões,2133,-27.6621,-53.5304
4306452,43,RS,Dois Lajeados,3158,-28.983,-51.8396
4306502,43,RS,Dom Feliciano,13291,-30.7004,-52.1026
4306551,43,RS,Dom Pedro de Alcântara,2617,-29.3639,-49.853
4306601,43,RS,Dom Pedrito,38094,-30.9756,-54.6694
4306700,43,RS,Dona Francisca,3136,-29.6195,-53.3617
4306734,43,RS,Doutor Maurício Cardoso,4542,-27.5103,-54.3577
4306759,43,RS,Doutor Ricardo,1925,-29.084,-51.9972
4306767,43,RS,Eldorado do Sul,40954,-30.0847,-51.6187
4306809,43,RS,Encantado,23494,-29.2351,-51.8703
4306908,43,RS,Encruzilhada do Sul,24280,-30.543,-52.5204
4306924,43,RS,Engenho Velho,1317,-27.706,-52.9145
4306932,43,RS,Entre-Ijuís,9364,-28.3686,-54.2686
4306957,43,RS,Entre Rios do Sul,2731,-27.5298,-52.7347
4306973,43,RS,Erebango,3121,-27.8544,-52.3005
4307005,43,RS,Erechim,109497,-27.6364,-52.2697
4307054,43,RS,Ernestina,3097,-28.4977,-52.5836
4307104,43,RS,Herval,6307,-32.024,-53.3944
4307203,43,RS,Erval Grande,5029,-27.3926,-52.574
4307302,43,RS,Erval Seco,6902,-27.5443,-53.5005
4307401,43,RS,Esmeralda,3264,-28.0518,-51.1933
4307450,43,RS,Esperança do Sul,3294,-27.3603,-53.9891
4307500,43,RS,Espumoso,15478,-28.7286,-52.8461
4307559,43,RS,Estação,5688,-27.9135,-52.2635
4307609,43,RS,Estância Velha,49440,-29.6535,-51.1843
4307708,43,RS,Esteio,78181,-29.852,-51.1841
4307807,43,RS,Estrela,33243,-29.5002,-51.9495
4307815,43,RS,Estrela Velha,3120,-29.1713,-53.1639
4307831,43,RS,Eugênio de Castro,2685,-28.5315,-54.1506
4307864,43,RS,Fagundes Varela,2620,-28.8794,-51.7014
4307906,43,RS,Farroupilha,72477,-29.2227,-51.3419
4308003,43,RS,Faxinal do Soturno,6846,-29.5788,-53.4484
4308052,43,RS,Faxinalzinho,2572,-27.4238,-52.6789
4308078,43,RS,Fazenda Vilanova,4399,-29.5885,-51.8217
4308102,43,RS,Feliz,13979,-29.4527,-51.3032
4308201,43,RS,Flores da Cunha,31973,-29.0261,-51.1875
4308250,43,RS,Floriano Peixoto,1694,-27.8614,-52.0838
4308300,43,RS,Fontoura Xavier,9721,-28.9817,-52.3445
4308409,43,RS,Formigueiro,6533,-30.0035,-53.4959
4308433,43,RS,Forquetinha,2441,-29.3828,-52.0981
4308458,43,RS,Fortaleza dos Valos,4569,-28.7986,-53.2249
4308508,43,RS,Frederico Westphalen,33684,-27.3586,-53.3958
4308607,43,RS,Garibaldi,35522,-29.259,-51.5352
4308656,43,RS,Garruchos,2729,-28.1944,-55.6383
4308706,43,RS,Gaurama,5780,-27.5856,-52.0915
4308805,43,RS,General Câmara,7751,-29.9032,-51.7612
4308854,43,RS,Gentil,1783,-28.4316,-52.0337
4308904,43,RS,Getúlio Vargas,16950,-27.8911,-52.2294
4309001,43,RS,Giruá,16282,-28.0297,-54.3517
4309050,43,RS,Glorinha,7842,-29.8798,-50.7734
4309100,43,RS,Gramado,41621,-29.3734,-50.8762
4309126,43,RS,Gramado dos Loureiros,2049,-27.4429,-52.9149
4309159,43,RS,Gramado Xavier,3356,-29.2706,-52.5795
4309209,43,RS,Gravataí,275294,-29.9413,-50.9869
4309258,43,RS,Guabiju,1442,-28.5421,-51.6948
4309308,43,RS,Guaíba,95956,-30.1086,-51.3233
4309407,43,RS,Guaporé,26138,-28.8399,-51.8895
4309506,43,RS,Guarani das Missões,7553,-28.1491,-54.5629
4309555,43,RS,Harmonia,5524,-29.5456,-51.4185
4309571,43,RS,Herveiras,2608,-29.4552,-52.6553
4309605,43,RS,Horizontina,19246,-27.6282,-54.3053
4309654,43,RS,Hulha Negra,6102,-31.4067,-53.8667
4309704,43,RS,Humaitá,4774,-27.5691,-53.9695
4309753,43,RS,Ibarama,3793,-29.4203,-53.1295
4309803,43,RS,Ibiaçá,4618,-28.0566,-51.8599
4309902,43,RS,Ibiraiaras,6830,-28.3741,-51.6377
4309951,43,RS,Ibirapuitã,3793,-28.6247,-52.5158
4310009,43,RS,Ibirubá,22082,-28.6302,-53.0961
4310108,43,RS,Igrejinha,34763,-29.5693,-50.7919
4310207,43,RS,Ijuí,87775,-28.388,-53.92
4310306,43,RS,Ilópolis,4245,-28.9282,-52.1258
4310330,43,RS,Imbé,27931,-29.9753,-50.1281
4310363,43,RS,Imigrante,3148,-29.3508,-51.7748
4310405,43,RS,Independência,6558,-27.8354,-54.1886
4310413,43,RS,Inhacorá,2049,-27.8752,-54.015
4310439,43,RS,Ipê,5496,-28.8171,-51.2859
4310462,43,RS,Ipiranga do Sul,1750,-27.9404,-52.4271
4310504,43,RS,Iraí,7624,-27.1951,-53.2543
4310538,43,RS,Itaara,5706,-29.6013,-53.7725
4310553,43,RS,Itacurubi,3042,-28.7913,-55.2447
4310579,43,RS,Itapuca,1967,-28.7768,-52.1693
4310603,43,RS,Itaqui,36830,-29.1311,-56.5515
4310652,43,RS,Itati,2695,-29.4974,-50.1016
4310702,43,RS,Itatiba do Sul,3249,-27.3846,-52.4538
4310751,43,RS,Ivorá,1964,-29.5232,-53.5842
4310801,43,RS,Ivoti,23533,-29.5995,-51.1533
4310850,43,RS,Jaboticaba,3850,-27.6347,-53.2762
4310876,43,RS,Jacuizinho,2070,-29.0401,-53.0657
4310900,43,RS,Jacutinga,3401,-27.7291,-52.5372
4311007,43,RS,Jaguarão,27406,-32.5604,-53.377
4311106,43,RS,Jaguari,10779,-29.4936,-54.703
4311122,43,RS,Jaquirana,3755,-28.8811,-50.3637
4311130,43,RS,Jari,3414,-29.2922,-54.2237
4311155,43,RS,Jóia,7305,-28.6435,-54.1141
4311205,43,RS,Júlio de Castilhos,18557,-29.2299,-53.6772
4311239,43,RS,Lagoa Bonita do Sul,2287,-29.4939,-53.017
4311254,43,RS,Lagoão,5429,-29.2348,-52.7997
4311270,43,RS,Lagoa dos Três Cantos,1779,-28.5676,-52.8618
4311304,43,RS,Lagoa Vermelha,28617,-28.2093,-51.5248
4311403,43,RS,Lajeado,96651,-29.4591,-51.9644
4311429,43,RS,Lajeado do Bugre,2660,-27.6913,-53.1818
4311502,43,RS,Lavras do Sul,7294,-30.8071,-53.8931
4311601,43,RS,Liberato Salzano,4854,-27.601,-53.0753
4311627,43,RS,Lindolfo Collor,6409,-29.5859,-51.2141
4311643,43,RS,Linha Nova,1720,-29.4679,-51.2003
4311700,43,RS,Machadinho,5864,-27.5667,-51.6668
4311718,43,RS,Maçambará,4487,-29.1445,-56.0674
4311734,43,RS,Mampituba,3201,-29.2136,-49.9311
4311759,43,RS,Manoel Viana,6917,-29.5859,-55.4841
4311775,43,RS,Maquiné,7588,-29.6798,-50.2079
4311791,43,RS,Maratá,2521,-29.5457,-51.5573
4311809,43,RS,Marau,46656,-28.4498,-52.1986
4311908,43,RS,Marcelino Ramos,4389,-27.4676,-51.9095
4311981,43,RS,Mariana Pimentel,4003,-30.353,-51.5803
4312005,43,RS,Mariano Moro,1888,-27.3568,-52.1467
4312054,43,RS,Marques de Souza,4050,-29.3311,-52.0973
4312104,43,RS,Mata,4786,-29.5649,-54.4641
4312138,43,RS,Mato Castelhano,2610,-28.28,-52.1932
4312153,43,RS,Mato Leitão,4990,-29.5285,-52.1278
4312179,43,RS,Mato Queimado,1833,-28.252,-54.6159
4312203,43,RS,Maximiliano de Almeida,4258,-27.6325,-51.802
4312252,43,RS,Minas do Leão,7661,-30.1346,-52.0423
4312302,43,RS,Miraguaí,4506,-27.497,-53.6891
4312351,43,RS,Montauri,1530,-28.6462,-52.0767
4312377,43,RS,Monte Alegre dos Campos,3250,-28.6805,-50.7834
4312385,43,RS,Monte Belo do Sul,2609,-29.1607,-51.6333
4312401,43,RS,Montenegro,66295,-29.6824,-51.4679
4312427,43,RS,Mormaço,2815,-28.6968,-52.6999
4312443,43,RS,Morrinhos do Sul,3134,-29.3578,-49.9328
4312450,43,RS,Morro Redondo,6169,-31.5887,-52.6261
4312476,43,RS,Morro Reuter,6163,-29.5379,-51.0811
4312500,43,RS,Mostardas,12346,-31.1054,-50.9167
4312609,43,RS,Muçum,4694,-29.163,-51.8714
4312617,43,RS,Muitos Capões,2938,-28.3132,-51.1836
4312625,43,RS,Muliterno,1755,-28.3253,-51.7697
4312658,43,RS,Não-Me-Toque,18314,-28.4548,-52.8182
4312674,43,RS,Nicolau Vergueiro,1979,-28.5298,-52.4676
4312708,43,RS,Nonoai,14056,-27.3689,-52.7756
4312757,43,RS,Nova Alvorada,3229,-28.6822,-52.1631
4312807,43,RS,Nova Araçá,5086,-28.6537,-51.7458
4312906,43,RS,Nova Bassano,9877,-28.7291,-51.7072
4312955,43,RS,Nova Boa Vista,2088,-27.9926,-52.9784
4313003,43,RS,Nova Bréscia,3105,-29.2182,-52.0319
4313011,43,RS,Nova Candelária,3134,-27.6137,-54.1074
4313037,43,RS,Nova Esperança do Sul,4974,-29.4066,-54.8293
4313060,43,RS,Nova Hartz,20539,-29.5808,-50.9051
4313086,43,RS,Nova Pádua,2390,-29.0275,-51.3098
4313102,43,RS,Nova Palma,5683,-29.471,-53.4689
4313201,43,RS,Nova Petrópolis,23889,-29.3741,-51.1136
4313300,43,RS,Nova Prata,26587,-28.7799,-51.6113
4313334,43,RS,Nova Ramada,2201,-28.0667,-53.6992
4313359,43,RS,Nova Roma do Sul,3543,-28.9882,-51.4095
4313375,43,RS,Nova Santa Rita,30121,-29.8525,-51.2837
4313391,43,RS,Novo Cabrais,3636,-29.7338,-52.9489
4313409,43,RS,Novo Hamburgo,235879,-29.6875,-51.1328
4313425,43,RS,Novo Machado,3246,-27.5765,-54.5036
4313441,43,RS,Novo Tiradentes,2188,-27.5649,-53.1837
4313466,43,RS,Novo Xingu,1678,-27.749,-53.0639
4313490,43,RS,Novo Barreiro,4371,-27.9077,-53.1103
4313508,43,RS,Osório,48929,-29.8881,-50.2667
4313607,43,RS,Paim Filho,3691,-27.7075,-51.763
4313656,43,RS,Palmares do Sul,13170,-30.2535,-50.5103
4313706,43,RS,Palmeira das Missões,34233,-27.9007,-53.3134
4313805,43,RS,Palmitinho,8032,-27.3596,-53.558
4313904,43,RS,Panambi,45042,-28.2833,-53.5023
4313953,43,RS,Pantano Grande,10438,-30.1902,-52.3729
4314001,43,RS,Paraí,7357,-28.5964,-51.7896
4314027,43,RS,Paraíso do Sul,6635,-29.6717,-53.144
4314035,43,RS,Pareci Novo,4433,-29.6365,-51.3974
4314050,43,RS,Parobé,53555,-29.6243,-50.8312
4314068,43,RS,Passa Sete,4036,-29.4577,-52.9599
4314076,43,RS,Passo do Sobrado,6154,-29.748,-52.2748
4314100,43,RS,Passo Fundo,214564,-28.2576,-52.4091
4314134,43,RS,Paulo Bento,2188,-27.7051,-52.4169
4314159,43,RS,Paverama,8146,-29.5486,-51.7339
4314175,43,RS,Pedras Altas,2100,-31.7365,-53.5814
4314209,43,RS,Pedro Osório,7634,-31.8642,-52.8184
4314308,43,RS,Pejuçara,3819,-28.4283,-53.6579
4314407,43,RS,Pelotas,336131,-31.7649,-52.3371
4314423,43,RS,Picada Café,5470,-29.4464,-51.1367
4314456,43,RS,Pinhal,3034,-27.508,-53.2082
4314464,43,RS,Pinhal da Serra,2299,-27.8751,-51.1673
4314472,43,RS,Pinhal Grande,3867,-29.345,-53.3206
4314498,43,RS,Pinheirinho do Vale,4637,-27.2109,-53.608
4314506,43,RS,Pinheiro Machado,11409,-31.5794,-53.3798
4314548,43,RS,Pinto Bandeira,2784,-29.0975,-51.4503
4314555,43,RS,Pirapó,2260,-28.0439,-55.2001
4314605,43,RS,Piratini,17792,-31.4473,-53.0973
4314704,43,RS,Planalto,10624,-27.3297,-53.0575
4314753,43,RS,Poço das Antas,2222,-29.4481,-51.6719
4314779,43,RS,Pontão,3350,-28.0585,-52.6791
4314787,43,RS,Ponte Preta,1604,-27.6587,-52.4848
4314803,43,RS,Portão,35237,-29.7015,-51.2429
4314902,43,RS,Porto Alegre,1389322,-30.0318,-51.2065
4315008,43,RS,Porto Lucena,4424,-27.8569,-55.01
4315057,43,RS,Porto Mauá,2176,-27.5796,-54.6657
4315073,43,RS,Porto Vera Cruz,1585,-27.7405,-54.8994
4315107,43,RS,Porto Xavier,10132,-27.9082,-55.1379
4315131,43,RS,Pouso Novo,1773,-29.1738,-52.2136
4315149,43,RS,Presidente Lucena,3159,-29.5175,-51.1798
4315156,43,RS,Progresso,5430,-29.2441,-52.3197
4315172,43,RS,Protásio Alves,2069,-28.7572,-51.4757
4315206,43,RS,Putinga,3814,-29.0045,-52.1569
4315305,43,RS,Quaraí,23988,-30.384,-56.4483
4315313,43,RS,Quatro Irmãos,1579,-27.8257,-52.4424
4315321,43,RS,Quevedos,2555,-29.3504,-54.0789
4315354,43,RS,Quinze de Novembro,4000,-28.7466,-53.1011
4315404,43,RS,Redentora,9934,-27.664,-53.6407
4315453,43,RS,Relvado,1828,-29.1164,-52.0778
4315503,43,RS,Restinga Sêca,15213,-29.8188,-53.3807
4315552,43,RS,Rio dos Índios,2874,-27.2973,-52.8417
4315602,43,RS,Rio Grande,198958,-32.0349,-52.1071
4315701,43,RS,Rio Pardo,35666,-29.988,-52.3711
4315750,43,RS,Riozinho,4572,-29.639,-50.4488
4315800,43,RS,Roca Sales,10644,-29.2884,-51.8658
4315909,43,RS,Rodeio Bonito,6821,-27.4742,-53.1706
4315958,43,RS,Rolador,2332,-28.2566,-54.8186
4316006,43,RS,Rolante,21733,-29.6462,-50.5819
4316105,43,RS,Ronda Alta,9972,-27.7758,-52.8056
4316204,43,RS,Rondinha,5083,-27.8315,-52.9081
4316303,43,RS,Roque Gonzales,6698,-28.1297,-55.0266
4316402,43,RS,Rosário do Sul,37700,-30.2515,-54.9221
4316428,43,RS,Sagrada Família,2529,-27.7085,-53.1351
4316436,43,RS,Saldanha Marinho,2621,-28.3941,-53.097
4316451,43,RS,Salto do Jacuí,10373,-29.0951,-53.2133
4316477,43,RS,Salvador das Missões,2953,-28.1233,-54.8373
4316501,43,RS,Salvador do Sul,7182,-29.4386,-51.5077
4316600,43,RS,Sananduva,16759,-27.947,-51.8079
4316709,43,RS,Santa Bárbara do Sul,8275,-28.3653,-53.251
4316733,43,RS,Santa Cecília do Sul,1710,-28.1609,-51.9279
4316758,43,RS,Santa Clara do Sul,7067,-29.4747,-52.0843
4316808,43,RS,Santa Cruz do Sul,138104,-29.722,-52.4343
4316907,43,RS,Santa Maria,282244,-29.6868,-53.8149
4316956,43,RS,Santa Maria do Herval,6482,-29.4902,-50.9919
4316972,43,RS,Santa Margarida do Sul,2658,-30.3393,-54.0817
4317004,43,RS,Santana da Boa Vista,7140,-30.8697,-53.11
4317103,43,RS,Sant'Ana do Livramento,87296,-30.8773,-55.5392
4317202,43,RS,Santa Rosa,79395,-27.8702,-54.4796
4317251,43,RS,Santa Tereza,1531,-29.1655,-51.7351
4317301,43,RS,Santa Vitória do Palmar,31961,-33.525,-53.3717
4317400,43,RS,Santiago,50331,-29.1897,-54.8666
4317509,43,RS,Santo Ângelo,79130,-28.3001,-54.2668
4317558,43,RS,Santo Antônio do Palma,2134,-28.4956,-52.0267
4317608,43,RS,Santo Antônio da Patrulha,44393,-29.8268,-50.5175
4317707,43,RS,Santo Antônio das Missões,10493,-28.514,-55.2251
4317756,43,RS,Santo Antônio do Planalto,2136,-28.403,-52.6992
4317806,43,RS,Santo Augusto,14196,-27.8526,-53.7776
4317905,43,RS,Santo Cristo,15656,-27.8263,-54.662
4317954,43,RS,Santo Expedito do Sul,2395,-27.9074,-51.6434
4318002,43,RS,São Borja,61323,-28.6578,-56.0036
4318051,43,RS,São Domingos do Sul,2808,-28.5312,-51.886
4318101,43,RS,São Francisco de Assis,17949,-29.5547,-55.1253
4318200,43,RS,São Francisco de Paula,22373,-29.4404,-50.5828
4318309,43,RS,São Gabriel,60102,-30.3337,-54.3217
4318408,43,RS,São Jerônimo,21421,-29.9716,-51.7251
4318424,43,RS,São João da Urtiga,4549,-27.8195,-51.8257
4318432,43,RS,São João do Polêsine,2707,-29.6194,-53.4439
4318440,43,RS,São Jorge,2976,-28.4984,-51.7064
4318457,43,RS,São José das Missões,2403,-27.7789,-53.1226
4318465,43,RS,São José do Herval,1934,-29.052,-52.295
4318481,43,RS,São José do Hortêncio,4551,-29.528,-51.245
4318499,43,RS,São José do Inhacorá,2463,-27.7251,-54.1275
4318507,43,RS,São José do Norte,26245,-32.0151,-52.0331
4318606,43,RS,São José do Ouro,6978,-27.7707,-51.5966
4318614,43,RS,São José do Sul,2440,-29.5448,-51.4821
4318622,43,RS,São José dos Ausentes,4286,-28.7476,-50.0677
4318705,43,RS,São Leopoldo,225669,-29.7545,-51.1498
4318804,43,RS,São Lourenço do Sul,43283,-31.3564,-51.9715
4318903,43,RS,São Luiz Gonzaga,35858,-28.412,-54.9559
4319000,43,RS,São Marcos,21537,-28.9677,-51.0696
4319109,43,RS,São Martinho,5589,-27.7112,-53.9699
4319125,43,RS,São Martinho da Serra,2911,-29.5397,-53.859
4319158,43,RS,São Miguel das Missões,7196,-28.556,-54.5559
4319208,43,RS,São Nicolau,5248,-28.1834,-55.2654
4319307,43,RS,São Paulo das Missões,5948,-28.0195,-54.9404
4319356,43,RS,São Pedro da Serra,3614,-29.4193,-51.5134
4319364,43,RS,São Pedro das Missões,1791,-27.7706,-53.2513
4319372,43,RS,São Pedro do Butiá,3139,-28.1243,-54.8926
4319406,43,RS,São Pedro do Sul,15870,-29.6202,-54.1855
4319505,43,RS,São Sebastião do Caí,24883,-29.5885,-51.3749
4319604,43,RS,São Sepé,21575,-30.1643,-53.5603
4319703,43,RS,São Valentim,3324,-27.5583,-52.5237
4319711,43,RS,São Valentim do Sul,2255,-29.0451,-51.7684
4319737,43,RS,São Valério do Sul,2594,-27.7906,-53.9368
4319752,43,RS,São Vendelino,2306,-29.3729,-51.3675
4319802,43,RS,São Vicente do Sul,8259,-29.6882,-54.6826
4319901,43,RS,Sapiranga,77898,-29.6349,-51.0064
4320008,43,RS,Sapucaia do Sul,136542,-29.8276,-51.145
4320107,43,RS,Sarandi,23356,-27.942,-52.9231
4320206,43,RS,Seberi,12313,-27.4829,-53.4026
4320230,43,RS,Sede Nova,2753,-27.6367,-53.9493
4320263,43,RS,Segredo,6107,-29.3523,-52.9767
4320305,43,RS,Selbach,5220,-28.6294,-52.9498
4320321,43,RS,Senador Salgado Filho,2726,-28.025,-54.5507
4320354,43,RS,Sentinela do Sul,5422,-30.6107,-51.5862
4320404,43,RS,Serafina Corrêa,17379,-28.7126,-51.9352
4320453,43,RS,Sério,2093,-29.3904,-52.2685
4320503,43,RS,Sertão,5637,-27.9798,-52.2588
4320552,43,RS,Sertão Santana,5988,-30.4562,-51.6017
4320578,43,RS,Sete de Setembro,1884,-28.1362,-54.4637
4320602,43,RS,Severiano de Almeida,3467,-27.4362,-52.1217
4320651,43,RS,Silveira Martins,2060,-29.6467,-53.591
4320677,43,RS,Sinimbu,8698,-29.5357,-52.5304
4320701,43,RS,Sobradinho,14512,-29.4194,-53.0326
4320800,43,RS,Soledade,30936,-28.8306,-52.5131
4320859,43,RS,Tabaí,4565,-29.643,-51.6823
4320909,43,RS,Tapejara,25201,-28.0652,-52.0097
4321006,43,RS,Tapera,10822,-28.6277,-52.8613
4321105,43,RS,Tapes,14938,-30.6683,-51.3991
4321204,43,RS,Taquara,54360,-29.6505,-50.7753
4321303,43,RS,Taquari,25968,-29.7943,-51.8653
4321329,43,RS,Taquaruçu do Sul,3190,-27.4005,-53.4702
4321352,43,RS,Tavares,5319,-31.2843,-51.088
4321402,43,RS,Tenente Portela,14811,-27.3711,-53.7585
4321436,43,RS,Terra de Areia,10569,-29.5782,-50.0644
4321451,43,RS,Teutônia,33963,-29.4482,-51.8044
4321469,43,RS,Tio Hugo,3352,-28.5712,-52.5955
4321477,43,RS,Tiradentes do Sul,5201,-27.4022,-54.0814
4321493,43,RS,Toropi,2598,-29.4782,-54.2244
4321501,43,RS,Torres,43268,-29.3334,-49.7333
4321600,43,RS,Tramandaí,56296,-29.9841,-50.1322
4321626,43,RS,Travesseiro,2193,-29.2977,-52.0532
4321634,43,RS,Três Arroios,2638,-27.5003,-52.1448
4321667,43,RS,Três Cachoeiras,11216,-29.4487,-49.9275
4321709,43,RS,Três Coroas,24420,-29.5137,-50.7739
4321808,43,RS,Três de Maio,25452,-27.78,-54.2357
4321832,43,RS,Três Forquilhas,2814,-29.5384,-50.0708
4321857,43,RS,Três Palmeiras,4826,-27.6139,-52.8437
4321907,43,RS,Três Passos,26284,-27.4555,-53.9296
4321956,43,RS,Trindade do Sul,7766,-27.5239,-52.8956
4322004,43,RS,Triunfo,28414,-29.9291,-51.7075
4322103,43,RS,Tucunduva,5649,-27.6573,-54.4439
4322152,43,RS,Tunas,3739,-29.1039,-52.9538
4322186,43,RS,Tupanci do Sul,1398,-27.9241,-51.5383
4322202,43,RS,Tupanciretã,20345,-29.0858,-53.8445
4322251,43,RS,Tupandi,5160,-29.4772,-51.4174
4322301,43,RS,Tuparendi,8536,-27.7598,-54.4814
4322327,43,RS,Turuçu,3489,-31.4173,-52.1706
4322343,43,RS,Ubiretama,2028,-28.0404,-54.686
4322350,43,RS,União da Serra,1186,-28.7833,-52.0238
4322376,43,RS,Unistalda,2052,-29.04,-55.1517
4322400,43,RS,Uruguaiana,120885,-29.7614,-57.0853
4322509,43,RS,Vacaria,66110,-28.5079,-50.9418
4322525,43,RS,Vale Verde,3214,-29.7864,-52.1857
4322533,43,RS,Vale do Sol,10080,-29.5967,-52.6839
4322541,43,RS,Vale Real,6213,-29.3919,-51.2559
4322558,43,RS,Vanini,2047,-28.4758,-51.8447
4322608,43,RS,Venâncio Aires,70805,-29.6143,-52.1932
4322707,43,RS,Vera Cruz,27638,-29.7184,-52.5152
4322806,43,RS,Veranópolis,24540,-28.9312,-51.5516
4322855,43,RS,Vespasiano Corrêa,1852,-29.0655,-51.8625
4322905,43,RS,Viadutos,4852,-27.5716,-52.0211
4323002,43,RS,Viamão,232113,-30.0819,-51.0194
4323101,43,RS,Vicente Dutra,4747,-27.1607,-53.4022
4323200,43,RS,Victor Graeff,2832,-28.5632,-52.7495
4323309,43,RS,Vila Flores,3736,-28.8598,-51.5504
4323358,43,RS,Vila Lângaro,2122,-28.1062,-52.1438
4323408,43,RS,Vila Maria,4512,-28.5359,-52.1486
4323457,43,RS,Vila Nova do Sul,3935,-30.3461,-53.876
4323507,43,RS,Vista Alegre,2712,-27.3686,-53.4919
4323606,43,RS,Vista Alegre do Prata,1624,-28.8052,-51.7947
4323705,43,RS,Vista Gaúcha,2842,-27.2902,-53.6974
4323754,43,RS,Vitória das Missões,3318,-28.3516,-54.504
4323770,43,RS,Westfália,3219,-29.4263,-51.7645
4323804,43,RS,Xangri-lá,16907,-29.8065,-50.0519
5000203,50,MS,Água Clara,17647,-20.4452,-52.879
5000252,50,MS,Alcinópolis,4648,-18.3255,-53.7042
5000609,50,MS,Amambai,41414,-23.1058,-55.2253
5000708,50,MS,Anastácio,24741,-20.4823,-55.8104
5000807,50,MS,Anaurilândia,7735,-22.1852,-52.7191
5000856,50,MS,Angélica,11203,-22.1527,-53.7708
5000906,50,MS,Antônio João,9641,-22.1927,-55.9517
5001003,50,MS,Aparecida do Taboado,29446,-20.0873,-51.0961
5001102,50,MS,Aquidauana,48561,-20.4666,-55.7868
5001243,50,MS,Aral Moreira,11085,-22.9385,-55.6334
5001508,50,MS,Bandeirantes,8276,-19.9275,-54.3585
5001904,50,MS,Bataguassu,24004,-21.7159,-52.4221
5002001,50,MS,Batayporã,10953,-22.2944,-53.2705
5002100,50,MS,Bela Vista,21965,-22.1073,-56.5263
5002159,50,MS,Bodoquena,8849,-20.537,-56.7127
5002209,50,MS,Bonito,24761,-21.1261,-56.4836
5002308,50,MS,Brasilândia,11840,-21.2544,-52.0365
5002407,50,MS,Caarapó,32406,-22.6368,-54.8209
5002605,50,MS,Camapuã,13920,-19.5347,-54.0431
5002704,50,MS,Campo Grande,954537,-20.4486,-54.6295
5002803,50,MS,Caracol,5115,-22.011,-57.0277
5002902,50,MS,Cassilândia,21549,-19.1179,-51.7313
5002951,50,MS,Chapadão do Sul,33791,-18.788,-52.6263
5003108,50,MS,Corguinho,4893,-19.8243,-54.8281
5003157,50,MS,Coronel Sapucaia,14661,-23.2724,-55.5278
5003207,50,MS,Corumbá,99107,-19.0077,-57.651
5003256,50,MS,Costa Rica,28163,-18.5432,-53.1287
5003306,50,MS,Coxim,33390,-18.5013,-54.751
5003454,50,MS,Deodápolis,14210,-22.2763,-54.1682
5003488,50,MS,Dois Irmãos do Buriti,11470,-20.6848,-55.2915
5003504,50,MS,Douradina,5749,-22.0405,-54.6158
5003702,50,MS,Dourados,260640,-22.2231,-54.812
5003751,50,MS,Eldorado,11633,-23.7868,-54.2838
5003801,50,MS,Fátima do Sul,21388,-22.3789,-54.5131
5003900,50,MS,Figueirão,3709,-18.6782,-53.638
5004007,50,MS,Glória de Dourados,10777,-22.4136,-54.2335
5004106,50,MS,Guia Lopes da Laguna,10135,-21.4583,-56.1117
5004304,50,MS,Iguatemi,14017,-23.6736,-54.5637
5004403,50,MS,Inocência,8712,-19.7277,-51.9281
5004502,50,MS,Itaporã,25075,-22.08,-54.7934
5004601,50,MS,Itaquiraí,19996,-23.4779,-54.187
5004700,50,MS,Ivinhema,29613,-22.3046,-53.8184
5004809,50,MS,Japorã,8409,-23.8903,-54.4059
5004908,50,MS,Jaraguari,7425,-20.1386,-54.3996
5005004,50,MS,Jardim,24509,-21.4799,-56.1489
5005103,50,MS,Jateí,3620,-22.4806,-54.3079
5005152,50,MS,Juti,7009,-22.8596,-54.6061
5005202,50,MS,Ladário,22290,-19.0089,-57.5973
5005251,50,MS,Laguna Carapã,7012,-22.5448,-55.1502
5005400,50,MS,Maracaju,47558,-21.6105,-55.1678
5005608,50,MS,Miranda,26487,-20.2355,-56.3746
5005681,50,MS,Mundo Novo,19937,-23.9355,-54.281
5005707,50,MS,Naviraí,52707,-23.0618,-54.1995
5005806,50,MS,Nioaque,13412,-21.1419,-55.8296
5006002,50,MS,Nova Alvorada do Sul,23054,-21.4657,-54.3825
5006200,50,MS,Nova Andradina,50610,-22.238,-53.3437
5006259,50,MS,Novo Horizonte do Sul,4811,-22.6693,-53.8601
5006275,50,MS,Paraíso das Águas,5777,-19.0216,-53.0116
5006309,50,MS,Paranaíba,42543,-19.6746,-51.1909
5006358,50,MS,Paranhos,13323,-23.8911,-55.429
5006408,50,MS,Pedro Gomes,6974,-18.0996,-54.5507
5006606,50,MS,Ponta Porã,97577,-22.5296,-55.7203
5006903,50,MS,Porto Murtinho,12864,-21.6981,-57.8836
5007109,50,MS,Ribas do Rio Pardo,23996,-20.4445,-53.7588
5007208,50,MS,Rio Brilhante,39936,-21.8033,-54.5427
5007307,50,MS,Rio Negro,4933,-19.447,-54.9859
5007406,50,MS,Rio Verde de Mato Grosso,20393,-18.9249,-54.8434
5007505,50,MS,Rochedo,5407,-19.9565,-54.8848
5007554,50,MS,Santa Rita do Pardo,7174,-21.3016,-52.8333
5007695,50,MS,São Gabriel do Oeste,31694,-19.3889,-54.5507
5007703,50,MS,Sete Quedas,11301,-23.9705,-55.0398
5007802,50,MS,Selvíria,8593,-20.3637,-51.4192
5007901,50,MS,Sidrolândia,49374,-20.9302,-54.9692
5007935,50,MS,Sonora,14822,-17.5698,-54.7551
5007950,50,MS,Tacuru,11159,-23.636,-55.0141
5007976,50,MS,Taquarussu,3730,-22.4898,-53.3519
5008008,50,MS,Terenos,18139,-20.4378,-54.8647
5008305,50,MS,Três Lagoas,141435,-20.7849,-51.7007
5008404,50,MS,Vicentina,6476,-22.4098,-54.4415
5100102,51,MT,Acorizal,4990,-15.194,-56.3632
5100201,51,MT,Água Boa,31314,-14.051,-52.1601
5100250,51,MT,Alta Floresta,61291,-9.86674,-56.0867
5100300,51,MT,Alto Araguaia,17657,-17.3153,-53.2181
5100359,51,MT,Alto Boa Vista,5875,-11.6732,-51.3883
5100409,51,MT,Alto Garças,13707,-16.9462,-53.5272
5100508,51,MT,Alto Paraguai,7717,-14.5137,-56.4776
5100607,51,MT,Alto Taquari,11571,-17.8241,-53.2792
5100805,51,MT,Apiacás,8692,-9.53981,-57.4587
5101001,51,MT,Araguaiana,3950,-15.7291,-51.8341
5101209,51,MT,Araguainha,1006,-16.857,-53.0318
5101258,51,MT,Araputanga,14854,-15.4641,-58.3425
5101308,51,MT,Arenápolis,10747,-14.4472,-56.8437
5101407,51,MT,Aripuanã,26010,-10.1723,-59.4568
5101605,51,MT,Barão de Melgaço,7204,-16.2067,-55.9623
5101704,51,MT,Barra do Bugres,29576,-15.0702,-57.1878
5101803,51,MT,Barra do Garças,72694,-15.8804,-52.264
5101837,51,MT,Boa Esperança do Norte,5772,-13.5067,-55.1486
5101852,51,MT,Bom Jesus do Araguaia,7731,-12.1706,-51.5032
5101902,51,MT,Brasnorte,17496,-12.1474,-57.9833
5102504,51,MT,Cáceres,91626,-16.0764,-57.6818
5102603,51,MT,Campinápolis,15713,-14.5162,-52.893
5102637,51,MT,Campo Novo do Parecis,50033,-13.6587,-57.8907
5102678,51,MT,Campo Verde,47831,-15.545,-55.1626
5102686,51,MT,Campos de Júlio,9608,-13.7242,-59.2858
5102694,51,MT,Canabrava do Norte,4480,-11.0556,-51.8209
5102702,51,MT,Canarana,27657,-13.5515,-52.2705
5102793,51,MT,Carlinda,10324,-9.94912,-55.8417
5102850,51,MT,Castanheira,7459,-11.1251,-58.6081
5103007,51,MT,Chapada dos Guimarães,19374,-15.4643,-55.7499
5103056,51,MT,Cláudia,9436,-11.5075,-54.8835
5103106,51,MT,Cocalinho,6428,-14.3903,-51.0001
5103205,51,MT,Colíder,32010,-10.8135,-55.461
5103254,51,MT,Colniza,26090,-9.46121,-59.2252
5103304,51,MT,Comodoro,18461,-13.6614,-59.7848
5103353,51,MT,Confresa,37541,-10.6437,-51.5699
5103361,51,MT,Conquista D'Oeste,3874,-14.5381,-59.5444
5103379,51,MT,Cotriguaçu,10398,-9.85656,-58.4192
5103403,51,MT,Cuiabá,682932,-15.601,-56.0974
5103437,51,MT,Curvelândia,4967,-15.6084,-57.9133
5103452,51,MT,Denise,6815,-14.7324,-57.0583
5103502,51,MT,Diamantino,22479,-14.4037,-56.4366
5103601,51,MT,Dom Aquino,7915,-15.8099,-54.9223
5103700,51,MT,Feliz Natal,10564,-12.385,-54.9227
5103809,51,MT,Figueirópolis D'Oeste,3112,-15.4439,-58.7391
5103858,51,MT,Gaúcha do Norte,9181,-13.2443,-53.0809
5103908,51,MT,General Carneiro,6250,-15.7094,-52.7574
5103957,51,MT,Glória D'Oeste,2899,-15.768,-58.3108
5104104,51,MT,Guarantã do Norte,31328,-9.96218,-54.9121
5104203,51,MT,Guiratinga,10532,-16.346,-53.7575
5104500,51,MT,Indiavaí,2194,-15.4921,-58.5802
5104526,51,MT,Ipiranga do Norte,8409,-12.2408,-56.1531
5104542,51,MT,Itanhangá,8049,-12.2259,-56.6463
5104559,51,MT,Itaúba,5161,-11.0614,-55.2766
5104609,51,MT,Itiquira,12519,-17.2147,-54.1422
5104807,51,MT,Jaciara,29560,-15.9548,-54.9733
5104906,51,MT,Jangada,7447,-15.235,-56.4917
5105002,51,MT,Jauru,8076,-15.3342,-58.8723
5105101,51,MT,Juara,35899,-11.2639,-57.5244
5105150,51,MT,Juína,47800,-11.3728,-58.7483
5105176,51,MT,Juruena,10149,-10.3178,-58.3592
5105200,51,MT,Juscimeira,11620,-16.0633,-54.8859
5105234,51,MT,Lambari D'Oeste,4724,-15.3188,-58.0046
5105259,51,MT,Lucas do Rio Verde,92256,-13.0588,-55.9042
5105309,51,MT,Luciara,2591,-11.2219,-50.6676
5105507,51,MT,Vila Bela da Santíssima Trindade,17384,-15.0068,-59.9504
5105580,51,MT,Marcelândia,11414,-11.0463,-54.4377
5105606,51,MT,Matupá,21415,-10.1821,-54.9467
5105622,51,MT,Mirassol d'Oeste,27511,-15.6759,-58.0951
5105903,51,MT,Nobres,15753,-14.7192,-56.3284
5106000,51,MT,Nortelândia,5935,-14.454,-56.7945
5106109,51,MT,Nossa Senhora do Livramento,11658,-15.772,-56.3432
5106158,51,MT,Nova Bandeirantes,14160,-9.84977,-57.8139
5106174,51,MT,Nova Nazaré,4467,-13.9486,-51.8002
5106182,51,MT,Nova Lacerda,6965,-14.4727,-59.6001
5106190,51,MT,Nova Santa Helena,4431,-10.8651,-55.1872
5106208,51,MT,Nova Brasilândia,3853,-14.9612,-54.9685
5106216,51,MT,Nova Canaã do Norte,11771,-10.558,-55.953
5106224,51,MT,Nova Mutum,61223,-13.8374,-56.0743
5106232,51,MT,Nova Olímpia,16314,-14.7889,-57.2886
5106240,51,MT,Nova Ubiratã,9589,-12.9834,-55.2556
5106257,51,MT,Nova Xavantina,25486,-14.6771,-52.3502
5106265,51,MT,Novo Mundo,6444,-9.95616,-55.2029
5106273,51,MT,Novo Horizonte do Norte,3307,-11.4089,-57.3488
5106281,51,MT,Novo São Joaquim,7160,-14.9054,-53.0194
5106299,51,MT,Paranaíta,11989,-9.65835,-56.4786
5106307,51,MT,Paranatinga,28204,-14.4265,-54.0524
5106315,51,MT,Novo Santo Antônio,2040,-12.2875,-50.9686
5106372,51,MT,Pedra Preta,18722,-16.6245,-54.4722
5106422,51,MT,Peixoto de Azevedo,33599,-10.2262,-54.9794
5106455,51,MT,Planalto da Serra,3287,-14.6518,-54.7819
5106505,51,MT,Poconé,31269,-16.266,-56.6261
5106653,51,MT,Pontal do Araguaia,7299,-15.9274,-52.3273
5106703,51,MT,Ponte Branca,2076,-16.7584,-52.8369
5106752,51,MT,Pontes e Lacerda,54795,-15.2219,-59.3435
5106778,51,MT,Porto Alegre do Norte,12524,-10.8761,-51.6357
5106802,51,MT,Porto dos Gaúchos,5690,-11.533,-57.4132
5106828,51,MT,Porto Esperidião,10167,-15.857,-58.4619
5106851,51,MT,Porto Estrela,3181,-15.3235,-57.2204
5107008,51,MT,Poxoréu,24587,-15.8299,-54.4208
5107040,51,MT,Primavera do Leste,92927,-15.544,-54.2811
5107065,51,MT,Querência,29820,-12.6093,-52.1821
5107107,51,MT,São José dos Quatro Marcos,17830,-15.6276,-58.1772
5107156,51,MT,Reserva do Cabaçal,2062,-15.0743,-58.4585
5107180,51,MT,Ribeirão Cascalheira,10431,-12.9367,-51.8244
5107198,51,MT,Ribeirãozinho,2697,-16.4856,-52.6924
5107206,51,MT,Rio Branco,4489,-15.2483,-58.1259
5107248,51,MT,Santa Carmem,5677,-11.9125,-55.2263
5107263,51,MT,Santo Afonso,2460,-14.4945,-57.0091
5107297,51,MT,São José do Povo,2780,-16.4549,-54.2487
5107305,51,MT,São José do Rio Claro,14662,-13.4398,-56.7218
5107354,51,MT,São José do Xingu,6168,-10.7982,-52.7486
5107404,51,MT,São Pedro da Cipa,4247,-16.0109,-54.9176
5107578,51,MT,Rondolândia,3527,-10.8376,-61.4697
5107602,51,MT,Rondonópolis,259167,-16.4673,-54.6372
5107701,51,MT,Rosário Oeste,15236,-14.8259,-56.4236
5107743,51,MT,Santa Cruz do Xingu,2834,-10.1532,-52.3953
5107750,51,MT,Salto do Céu,3679,-15.1303,-58.1317
5107768,51,MT,Santa Rita do Trivelato,3463,-13.8146,-55.2706
5107776,51,MT,Santa Terezinha,7720,-10.4704,-50.514
5107792,51,MT,Santo Antônio do Leste,4212,-14.805,-53.6075
5107800,51,MT,Santo Antônio do Leverger,16795,-15.8632,-56.0788
5107859,51,MT,São Félix do Araguaia,14332,-11.615,-50.6706
5107875,51,MT,Sapezal,31499,-12.9892,-58.7645
5107883,51,MT,Serra Nova Dourada,1901,-12.0896,-51.4025
5107909,51,MT,Sinop,216029,-11.8604,-55.5091
5107925,51,MT,Sorriso,120561,-12.5425,-55.7211
5107941,51,MT,Tabaporã,9908,-11.3007,-56.8312
5107958,51,MT,Tangará da Serra,112547,-14.6229,-57.4933
5108006,51,MT,Tapurah,15272,-12.695,-56.5178
5108055,51,MT,Terra Nova do Norte,10641,-10.517,-55.231
5108105,51,MT,Tesouro,2977,-16.0809,-53.559
5108204,51,MT,Torixoréu,4230,-16.2006,-52.5571
5108303,51,MT,União do Sul,3897,-11.5308,-54.3616
5108352,51,MT,Vale de São Domingos,2907,-15.286,-59.0683
5108402,51,MT,Várzea Grande,314627,-15.6458,-56.1322
5108501,51,MT,Vera,10584,-12.3017,-55.3045
5108600,51,MT,Vila Rica,19827,-10.0137,-51.1186
5108808,51,MT,Nova Guarita,4579,-10.312,-55.4061
5108857,51,MT,Nova Marilândia,3678,-14.3568,-56.9696
5108907,51,MT,Nova Maringá,5775,-13.0136,-57.0908
5108956,51,MT,Nova Monte Verde,8451,-9.99998,-57.5261
5200050,52,GO,Abadia de Goiás,21165,-16.7573,-49.4412
5200100,52,GO,Abadiânia,17638,-16.197,-48.7057
5200134,52,GO,Acreúna,21995,-17.396,-50.3749
5200159,52,GO,Adelândia,2297,-16.4127,-50.1657
5200175,52,GO,Água Fria de Goiás,4991,-14.9778,-47.7823
5200209,52,GO,Água Limpa,1856,-18.0771,-48.7603
5200258,52,GO,Águas Lindas de Goiás,240613,-15.7617,-48.2816
5200308,52,GO,Alexânia,28009,-16.0834,-48.5076
5200506,52,GO,Aloândia,1984,-17.7292,-49.4769
5200555,52,GO,Alto Horizonte,6375,-14.1978,-49.3378
5200605,52,GO,Alto Paraíso de Goiás,10936,-14.1305,-47.51
5200803,52,GO,Alvorada do Norte,8597,-14.4797,-46.491
5200829,52,GO,Amaralina,3281,-13.9236,-49.2962
5200852,52,GO,Americano do Brasil,5281,-16.2514,-49.9831
5200902,52,GO,Amorinópolis,2952,-16.6151,-51.0919
5201108,52,GO,Anápolis,415847,-16.3281,-48.953
5201207,52,GO,Anhanguera,921,-18.3339,-48.2204
5201306,52,GO,Anicuns,18443,-16.4642,-49.9617
5201405,52,GO,Aparecida de Goiânia,550925,-16.8198,-49.2469
5201454,52,GO,Aparecida do Rio Doce,3012,-18.2941,-51.1516
5201504,52,GO,Aporé,4452,-18.9607,-51.9232
5201603,52,GO,Araçu,3842,-16.3563,-49.6804
5201702,52,GO,Aragarças,18604,-15.8955,-52.2372
5201801,52,GO,Aragoiânia,12554,-16.9087,-49.4476
5202155,52,GO,Araguapaz,7182,-15.0909,-50.6315
5202353,52,GO,Arenópolis,2930,-16.3837,-51.5563
5202502,52,GO,Aruanã,8515,-14.9166,-51.075
5202601,52,GO,Aurilândia,3266,-16.6773,-50.4641
5202809,52,GO,Avelinópolis,2963,-16.4672,-49.7579
5203104,52,GO,Baliza,3335,-16.1966,-52.5393
5203203,52,GO,Barro Alto,10738,-14.9658,-48.9086
5203302,52,GO,Bela Vista de Goiás,36583,-16.9693,-48.9513
5203401,52,GO,Bom Jardim de Goiás,7824,-16.2063,-52.1728
5203500,52,GO,Bom Jesus de Goiás,24701,-18.2173,-49.74
5203559,52,GO,Bonfinópolis,10828,-16.6173,-48.9616
5203575,52,GO,Bonópolis,3306,-13.6329,-49.8106
5203609,52,GO,Brazabrantes,4149,-16.4281,-49.3863
5203807,52,GO,Britânia,5788,-15.2428,-51.1602
5203906,52,GO,Buriti Alegre,10831,-18.1378,-49.0404
5203939,52,GO,Buriti de Goiás,2789,-16.1792,-50.4302
5203962,52,GO,Buritinópolis,3154,-14.4772,-46.4076
5204003,52,GO,Cabeceiras,7678,-15.7995,-46.9265
5204102,52,GO,Cachoeira Alta,11789,-18.7618,-50.9432
5204201,52,GO,Cachoeira de Goiás,1419,-16.6635,-50.646
5204250,52,GO,Cachoeira Dourada,7801,-18.4859,-49.4766
5204300,52,GO,Caçu,14006,-18.5594,-51.1328
5204409,52,GO,Caiapônia,16655,-16.9539,-51.8091
5204508,52,GO,Caldas Novas,104788,-17.7441,-48.6246
5204557,52,GO,Caldazinha,4735,-16.7117,-49.0013
5204607,52,GO,Campestre de Goiás,3854,-16.7624,-49.695
5204656,52,GO,Campinaçu,3758,-13.787,-48.5704
5204706,52,GO,Campinorte,12879,-14.3137,-49.1511
5204805,52,GO,Campo Alegre de Goiás,7711,-17.6363,-47.7768
5204854,52,GO,Campo Limpo de Goiás,8449,-16.2971,-49.0895
5204904,52,GO,Campos Belos,18258,-13.035,-46.7681
5204953,52,GO,Campos Verdes,3899,-14.2442,-49.6528
5205000,52,GO,Carmo do Rio Verde,9937,-15.3549,-49.708
5205059,52,GO,Castelândia,2921,-18.0921,-50.203
5205109,52,GO,Catalão,120789,-18.1656,-47.944
5205208,52,GO,Caturaí,5318,-16.4447,-49.4936
5205307,52,GO,Cavalcante,9721,-13.7976,-47.4566
5205406,52,GO,Ceres,22484,-15.3061,-49.6
5205455,52,GO,Cezarina,8265,-16.9718,-49.7758
5205471,52,GO,Chapadão do Céu,13897,-18.4073,-52.549
5205497,52,GO,Cidade Ocidental,98963,-16.0765,-47.9252
5205513,52,GO,Cocalzinho de Goiás,26638,-15.7914,-48.7747
5205521,52,GO,Colinas do Sul,4153,-14.1528,-48.076
5205703,52,GO,Córrego do Ouro,2456,-16.2918,-50.5503
5205802,52,GO,Corumbá de Goiás,10714,-15.9245,-48.8117
5205901,52,GO,Corumbaíba,9416,-18.1415,-48.5626
5206206,52,GO,Cristalina,65705,-16.7676,-47.6131
5206305,52,GO,Cristianópolis,3630,-17.1987,-48.7034
5206404,52,GO,Crixás,17445,-14.5412,-49.974
5206503,52,GO,Cromínia,3977,-17.2883,-49.3798
5206602,52,GO,Cumari,2955,-18.2644,-48.1511
5206701,52,GO,Damianópolis,3884,-14.5604,-46.178
5206800,52,GO,Damolândia,2755,-16.2544,-49.3631
5206909,52,GO,Davinópolis,1901,-18.1501,-47.5568
5207105,52,GO,Diorama,2023,-16.2329,-51.2543
5207253,52,GO,Doverlândia,6895,-16.7188,-52.3189
5207352,52,GO,Edealina,4087,-17.4239,-49.6644
5207402,52,GO,Edéia,11953,-17.3406,-49.9295
5207501,52,GO,Estrela do Norte,3224,-13.8665,-49.0716
5207535,52,GO,Faina,7164,-15.4473,-50.3622
5207600,52,GO,Fazenda Nova,5878,-16.1834,-50.7781
5207808,52,GO,Firminópolis,10365,-16.5778,-50.304
5207907,52,GO,Flores de Goiás,14156,-14.4451,-47.0417
5208004,52,GO,Formosa,120478,-15.54,-47.337
5208103,52,GO,Formoso,4681,-13.6499,-48.8775
5208152,52,GO,Gameleira de Goiás,3542,-16.4854,-48.6454
5208301,52,GO,Divinópolis de Goiás,4440,-13.2853,-46.3999
5208400,52,GO,Goianápolis,14555,-16.5098,-49.0234
5208509,52,GO,Goiandira,4986,-18.1352,-48.0875
5208608,52,GO,Goianésia,77014,-15.3118,-49.1162
5208707,52,GO,Goiânia,1494599,-16.6864,-49.2643
5208806,52,GO,Goianira,78754,-16.4947,-49.427
5208905,52,GO,Goiás,24233,-15.9333,-50.14
5209101,52,GO,Goiatuba,36777,-18.0105,-49.3658
5209150,52,GO,Gouvelândia,4356,-18.6238,-50.0805
5209200,52,GO,Guapó,20588,-16.8297,-49.5345
5209291,52,GO,Guaraíta,2185,-15.6121,-50.0265
5209408,52,GO,Guarani de Goiás,4106,-13.9421,-46.4868
5209457,52,GO,Guarinos,2165,-14.7292,-49.7006
5209606,52,GO,Heitoraí,3360,-15.719,-49.8268
5209705,52,GO,Hidrolândia,29827,-16.9626,-49.2265
5209804,52,GO,Hidrolina,3514,-14.7261,-49.4634
5209903,52,GO,Iaciara,10430,-14.1011,-46.6335
5209937,52,GO,Inaciolândia,6061,-18.4869,-49.9888
5209952,52,GO,Indiara,17747,-17.1387,-49.9862
5210000,52,GO,Inhumas,53629,-16.3611,-49.5001
5210109,52,GO,Ipameri,26163,-17.7215,-48.1581
5210158,52,GO,Ipiranga de Goiás,2964,-15.1689,-49.6695
5210208,52,GO,Iporá,36983,-16.4398,-51.118
5210307,52,GO,Israelândia,2540,-16.3144,-50.9087
5210406,52,GO,Itaberaí,46943,-16.0206,-49.806
5210562,52,GO,Itaguari,5088,-15.918,-49.6071
5210604,52,GO,Itaguaru,4880,-15.7565,-49.6354
5210802,52,GO,Itajá,4328,-19.0673,-51.5495
5210901,52,GO,Itapaci,21708,-14.9522,-49.5511
5211008,52,GO,Itapirapuã,8125,-15.8205,-50.6094
5211206,52,GO,Itapuranga,26574,-15.5606,-49.949
5211305,52,GO,Itarumã,6142,-18.7646,-51.3485
5211404,52,GO,Itauçu,7701,-16.2029,-49.6109
5211503,52,GO,Itumbiara,112289,-18.4093,-49.2158
5211602,52,GO,Ivolândia,2729,-16.5995,-50.7921
5211701,52,GO,Jandaia,6360,-17.0481,-50.1453
5211800,52,GO,Jaraguá,46427,-15.7529,-49.3344
5211909,52,GO,Jataí,110404,-17.8784,-51.7204
5212006,52,GO,Jaupaci,2946,-16.1773,-50.9508
5212055,52,GO,Jesúpolis,2124,-15.9484,-49.3739
5212105,52,GO,Joviânia,7247,-17.802,-49.6197
5212204,52,GO,Jussara,19901,-15.8659,-50.8668
5212253,52,GO,Lagoa Santa,1426,-19.1832,-51.3998
5212303,52,GO,Leopoldo de Bulhões,9035,-16.619,-48.7428
5212501,52,GO,Luziânia,218872,-16.253,-47.95
5212600,52,GO,Mairipotaba,2618,-17.2975,-49.4898
5212709,52,GO,Mambaí,8405,-14.4823,-46.1165
5212808,52,GO,Mara Rosa,10815,-14.0148,-49.1777
5212907,52,GO,Marzagão,2893,-17.983,-48.6415
5212956,52,GO,Matrinchã,4033,-15.4342,-50.7456
5213004,52,GO,Maurilândia,10239,-17.9719,-50.3388
5213053,52,GO,Mimoso de Goiás,2633,-15.0515,-48.1611
5213087,52,GO,Minaçu,26939,-13.5304,-48.2206
5213103,52,GO,Mineiros,73781,-17.5654,-52.5537
5213400,52,GO,Moiporá,1693,-16.5434,-50.739
5213509,52,GO,Monte Alegre de Goiás,6613,-13.2552,-46.8928
5213707,52,GO,Montes Claros de Goiás,8972,-16.0059,-51.3979
5213756,52,GO,Montividiu,12957,-17.4439,-51.1728
5213772,52,GO,Montividiu do Norte,3770,-13.3485,-48.6853
5213806,52,GO,Morrinhos,53640,-17.7334,-49.1059
5213855,52,GO,Morro Agudo de Goiás,2499,-15.3184,-50.0553
5213905,52,GO,Mossâmedes,4655,-16.124,-50.2136
5214002,52,GO,Mozarlândia,15109,-14.7457,-50.5713
5214051,52,GO,Mundo Novo,6223,-13.7729,-50.2814
5214101,52,GO,Mutunópolis,3562,-13.7303,-49.2745
5214408,52,GO,Nazário,8330,-16.5808,-49.8817
5214507,52,GO,Nerópolis,33706,-16.4047,-49.2227
5214606,52,GO,Niquelândia,34466,-14.4662,-48.4599
5214705,52,GO,Nova América,2375,-15.0206,-49.8953
5214804,52,GO,Nova Aurora,2130,-18.0597,-48.2552
5214838,52,GO,Nova Crixás,13095,-14.0957,-50.33
5214861,52,GO,Nova Glória,8375,-15.145,-49.5737
5214879,52,GO,Nova Iguaçu de Goiás,3072,-14.2868,-49.3872
5214903,52,GO,Nova Roma,3053,-13.7388,-46.8734
5215009,52,GO,Nova Veneza,9790,-16.3695,-49.3168
5215207,52,GO,Novo Brasil,3568,-16.0313,-50.7113
5215231,52,GO,Novo Gama,107092,-16.0592,-48.0417
5215256,52,GO,Novo Planalto,3723,-13.2424,-49.506
5215306,52,GO,Orizona,16890,-17.0334,-48.2964
5215405,52,GO,Ouro Verde de Goiás,4108,-16.2181,-49.1942
5215504,52,GO,Ouvidor,7542,-18.2277,-47.8355
5215603,52,GO,Padre Bernardo,36692,-15.1605,-48.2833
5215652,52,GO,Palestina de Goiás,3132,-16.7392,-51.5309
5215702,52,GO,Palmeiras de Goiás,33749,-16.8044,-49.924
5215801,52,GO,Palmelo,2273,-17.3258,-48.426
5215900,52,GO,Palminópolis,3939,-16.7924,-50.1652
5216007,52,GO,Panamá,2449,-18.1783,-49.355
5216304,52,GO,Paranaiguara,7470,-18.9141,-50.6539
5216403,52,GO,Paraúna,10749,-16.9463,-50.4484
5216452,52,GO,Perolândia,3000,-17.5258,-52.065
5216809,52,GO,Petrolina de Goiás,9577,-16.0968,-49.3364
5216908,52,GO,Pilar de Goiás,2288,-14.7608,-49.5784
5217104,52,GO,Piracanjuba,25309,-17.302,-49.017
5217203,52,GO,Piranhas,11913,-16.4258,-51.8235
5217302,52,GO,Pirenópolis,27757,-15.8507,-48.9584
5217401,52,GO,Pires do Rio,33494,-17.3019,-48.2768
5217609,52,GO,Planaltina,110619,-15.452,-47.6089
5217708,52,GO,Pontalina,18685,-17.5225,-49.4489
5218003,52,GO,Porangatu,45400,-13.4391,-49.1503
5218052,52,GO,Porteirão,4225,-17.8143,-50.1653
5218102,52,GO,Portelândia,3234,-17.3554,-52.6799
5218300,52,GO,Posse,36060,-14.0859,-46.3704
5218391,52,GO,Professor Jamil,3732,-17.2497,-49.244
5218508,52,GO,Quirinópolis,49986,-18.4472,-50.4547
5218607,52,GO,Rialma,12551,-15.3145,-49.5814
5218706,52,GO,Rianápolis,3938,-15.4456,-49.5114
5218789,52,GO,Rio Quente,3994,-17.774,-48.7725
5218805,52,GO,Rio Verde,238025,-17.7923,-50.9192
5218904,52,GO,Rubiataba,20132,-15.1617,-49.8048
5219001,52,GO,Sanclerlândia,8063,-16.197,-50.3124
5219100,52,GO,Santa Bárbara de Goiás,6280,-16.5714,-49.6954
5219209,52,GO,Santa Cruz de Goiás,3016,-17.3155,-48.4809
5219258,52,GO,Santa Fé de Goiás,5036,-15.7664,-51.1037
5219308,52,GO,Santa Helena de Goiás,39481,-17.8115,-50.5977
5219357,52,GO,Santa Isabel,3556,-15.2958,-49.4259
5219407,52,GO,Santa Rita do Araguaia,5842,-17.3269,-53.2012
5219456,52,GO,Santa Rita do Novo Destino,2648,-15.1351,-49.1203
5219506,52,GO,Santa Rosa de Goiás,2837,-16.084,-49.4953
5219605,52,GO,Santa Tereza de Goiás,3225,-13.7138,-49.0144
5219704,52,GO,Santa Terezinha de Goiás,10818,-14.4326,-49.7091
5219712,52,GO,Santo Antônio da Barra,4293,-17.5585,-50.6345
5219738,52,GO,Santo Antônio de Goiás,7873,-16.4815,-49.3096
5219753,52,GO,Santo Antônio do Descoberto,74614,-15.9412,-48.2578
5219803,52,GO,São Domingos,9581,-13.621,-46.7415
5219902,52,GO,São Francisco de Goiás,6491,-15.9256,-49.2605
5220009,52,GO,São João d'Aliança,14757,-14.7048,-47.5228
5220058,52,GO,São João da Paraúna,1807,-16.8126,-50.4092
5220108,52,GO,São Luís de Montes Belos,35031,-16.5211,-50.3726
5220157,52,GO,São Luiz do Norte,4926,-14.8608,-49.3285
5220207,52,GO,São Miguel do Araguaia,22079,-13.2731,-50.1634
5220264,52,GO,São Miguel do Passa Quatro,4621,-17.0582,-48.662
5220280,52,GO,São Patrício,2190,-15.35,-49.818
5220405,52,GO,São Simão,17194,-18.996,-50.547
5220454,52,GO,Senador Canedo,169849,-16.7084,-49.0914
5220504,52,GO,Serranópolis,8201,-18.3067,-51.9586
5220603,52,GO,Silvânia,22939,-16.66,-48.6083
5220686,52,GO,Simolândia,5693,-14.4644,-46.4847
5220702,52,GO,Sítio d'Abadia,2973,-14.7992,-46.2506
5221007,52,GO,Taquaral de Goiás,4146,-16.0521,-49.6039
5221080,52,GO,Teresina de Goiás,2685,-13.7801,-47.2659
5221197,52,GO,Terezópolis de Goiás,8243,-16.3945,-49.0797
5221304,52,GO,Três Ranchos,2970,-18.3539,-47.776
5221403,52,GO,Trindade,150858,-16.6517,-49.4927
5221452,52,GO,Trombas,3106,-13.5079,-48.7417
5221502,52,GO,Turvânia,4478,-16.6125,-50.1369
5221551,52,GO,Turvelândia,5130,-17.8502,-50.3024
5221577,52,GO,Uirapuru,2809,-14.2835,-49.9201
5221601,52,GO,Uruaçu,44150,-14.5238,-49.1396
5221700,52,GO,Uruana,13871,-15.4993,-49.6861
5221809,52,GO,Urutaí,3667,-17.4651,-48.2015
5221858,52,GO,Valparaíso de Goiás,213506,-16.0651,-47.9757
5221908,52,GO,Varjão,3768,-17.0471,-49.6312
5222005,52,GO,Vianópolis,15476,-16.7405,-48.5159
5222054,52,GO,Vicentinópolis,9077,-17.7322,-49.8047
5222203,52,GO,Vila Boa,4185,-15.0387,-47.052
5222302,52,GO,Vila Propício,5982,-15.4542,-48.8819
5300108,53,DF,Brasília,2982818,-15.7795,-47.9297
